application_id,student_id,internship_id,application_date,status,matching_score
1,314,54,2025-04-11,Rejected,0.99
2,6,141,2025-03-29,Under Review,0.83
3,441,524,2025-08-15,Selected,0.87
4,361,451,2025-04-15,Under Review,0.66
5,677,436,2025-08-16,Under Review,0.93
6,855,681,2025-08-10,Rejected,0.13
7,1,484,2025-07-10,Under Review,0.79
8,52,335,2025-06-09,Applied,0.7
9,258,310,2025-04-14,Applied,0.14
10,142,513,2025-03-21,Rejected,0.59
11,359,779,2025-04-08,Selected,0.56
12,900,121,2025-05-25,Under Review,0.72
13,291,247,2025-06-01,Under Review,0.17
14,805,574,2025-08-30,Under Review,0.82
15,880,403,2025-06-13,Applied,0.23
16,515,387,2025-03-28,Under Review,0.48
17,682,793,2025-05-20,Rejected,0.89
18,982,395,2025-05-15,Under Review,0.6
19,788,724,2025-04-16,Under Review,0.44
20,575,486,2025-04-29,Applied,0.14
21,159,364,2025-08-31,Under Review,0.71
22,977,320,2025-05-30,Applied,0.99
23,89,535,2025-04-02,Selected,0.92
24,731,325,2025-05-22,Under Review,0.75
25,278,544,2025-03-22,Rejected,0.19
26,147,81,2025-09-03,Selected,0.32
27,751,620,2025-07-16,Under Review,0.27
28,202,220,2025-04-17,Under Review,0.42
29,443,171,2025-07-25,Selected,0.31
30,600,649,2025-09-03,Applied,0.32
31,941,285,2025-04-01,Selected,0.66
32,83,729,2025-06-17,Rejected,0.39
33,298,147,2025-08-15,Applied,0.71
34,225,448,2025-06-27,Selected,0.95
35,33,574,2025-05-27,Rejected,0.67
36,485,453,2025-09-02,Under Review,0.78
37,956,502,2025-05-16,Rejected,0.78
38,364,712,2025-07-07,Under Review,0.4
39,255,257,2025-06-10,Under Review,0.11
40,832,702,2025-03-19,Selected,0.15
41,695,124,2025-06-13,Rejected,0.35
42,653,572,2025-06-11,Rejected,0.72
43,396,446,2025-07-08,Applied,0.92
44,433,668,2025-07-01,Under Review,0.96
45,409,357,2025-05-18,Applied,0.12
46,991,183,2025-08-28,Applied,0.99
47,926,26,2025-06-18,Under Review,0.39
48,101,375,2025-05-15,Under Review,0.86
49,915,478,2025-03-15,Applied,0.26
50,268,790,2025-03-31,Applied,0.16
51,943,687,2025-07-04,Under Review,0.44
52,310,355,2025-07-30,Waitlisted,0.87
53,612,746,2025-07-18,Rejected,0.3
54,319,435,2025-04-20,Applied,0.24
55,178,219,2025-04-22,Rejected,0.92
56,578,632,2025-03-28,Selected,0.94
57,447,574,2025-06-19,Rejected,0.11
58,696,196,2025-05-30,Under Review,0.75
59,897,392,2025-06-12,Under Review,0.38
60,331,384,2025-07-27,Rejected,0.44
61,824,184,2025-05-05,Applied,0.52
62,593,766,2025-08-18,Rejected,0.48
63,143,11,2025-06-16,Rejected,0.56
64,700,201,2025-06-11,Waitlisted,0.62
65,787,453,2025-04-05,Under Review,0.52
66,205,370,2025-04-25,Applied,0.73
67,257,539,2025-07-13,Under Review,0.75
68,139,200,2025-06-20,Waitlisted,0.5
69,427,6,2025-06-23,Under Review,0.23
70,568,601,2025-08-15,Selected,0.68
71,205,318,2025-08-17,Under Review,0.8
72,309,337,2025-03-30,Under Review,0.67
73,313,97,2025-05-29,Applied,0.63
74,88,378,2025-06-21,Under Review,0.31
75,305,260,2025-04-03,Rejected,0.68
76,581,515,2025-05-05,Applied,0.4
77,950,14,2025-03-30,Rejected,0.93
78,644,622,2025-07-24,Selected,0.69
79,473,280,2025-06-04,Selected,0.35
80,559,35,2025-07-20,Selected,0.53
81,188,663,2025-07-04,Applied,0.86
82,385,282,2025-05-08,Under Review,0.4
83,802,658,2025-06-12,Rejected,0.57
84,897,491,2025-06-15,Under Review,0.71
85,854,408,2025-05-20,Under Review,0.78
86,448,45,2025-06-09,Applied,0.26
87,99,713,2025-07-31,Rejected,0.61
88,142,722,2025-07-28,Under Review,0.92
89,540,260,2025-06-19,Under Review,0.97
90,453,281,2025-09-05,Applied,0.69
91,711,641,2025-08-12,Waitlisted,0.99
92,321,59,2025-07-23,Under Review,0.61
93,516,586,2025-04-14,Selected,0.5
94,958,32,2025-06-22,Selected,0.6
95,702,736,2025-05-03,Rejected,0.2
96,730,483,2025-03-14,Applied,0.46
97,367,623,2025-03-29,Rejected,0.51
98,480,648,2025-04-19,Under Review,0.86
99,363,466,2025-06-26,Under Review,0.78
100,438,503,2025-04-19,Selected,0.64
101,478,178,2025-04-25,Rejected,0.41
102,431,485,2025-07-26,Selected,0.27
103,985,768,2025-05-31,Rejected,0.41
104,421,664,2025-04-04,Applied,0.71
105,473,769,2025-03-15,Rejected,0.34
106,29,559,2025-08-21,Applied,0.48
107,935,107,2025-07-21,Selected,0.45
108,573,40,2025-08-17,Under Review,0.79
109,28,379,2025-08-17,Under Review,0.9
110,981,30,2025-04-09,Under Review,0.73
111,786,628,2025-03-24,Under Review,0.41
112,432,731,2025-05-29,Applied,0.49
113,91,157,2025-07-04,Under Review,0.23
114,774,723,2025-08-03,Applied,0.25
115,144,754,2025-06-14,Selected,0.25
116,630,182,2025-04-26,Applied,0.22
117,929,135,2025-06-11,Applied,0.26
118,310,85,2025-05-31,Applied,0.28
119,806,430,2025-08-06,Under Review,0.2
120,249,123,2025-06-03,Rejected,0.68
121,595,58,2025-08-14,Rejected,0.99
122,525,455,2025-06-26,Applied,0.89
123,383,653,2025-04-05,Selected,0.14
124,131,728,2025-04-17,Selected,0.48
125,636,64,2025-08-19,Under Review,0.87
126,557,322,2025-06-19,Selected,0.22
127,922,100,2025-07-14,Applied,0.86
128,580,558,2025-05-19,Under Review,0.63
129,899,285,2025-08-30,Under Review,0.94
130,301,199,2025-07-09,Applied,0.89
131,55,671,2025-04-22,Selected,0.71
132,774,629,2025-08-01,Under Review,0.69
133,866,756,2025-03-23,Applied,0.29
134,403,18,2025-07-01,Under Review,0.21
135,129,341,2025-09-03,Rejected,0.47
136,413,689,2025-05-06,Rejected,0.27
137,687,325,2025-07-14,Selected,0.19
138,7,727,2025-03-16,Under Review,0.37
139,474,174,2025-07-15,Selected,0.87
140,827,601,2025-07-09,Under Review,0.12
141,782,740,2025-07-14,Applied,0.36
142,896,376,2025-05-20,Under Review,0.48
143,531,529,2025-03-28,Under Review,0.56
144,472,15,2025-07-16,Selected,0.26
145,860,681,2025-08-03,Rejected,0.97
146,56,413,2025-09-06,Rejected,0.62
147,87,427,2025-06-26,Applied,0.57
148,57,684,2025-07-09,Applied,0.11
149,277,686,2025-09-04,Applied,0.54
150,850,63,2025-04-06,Rejected,0.85
151,666,67,2025-05-09,Rejected,0.3
152,110,198,2025-05-20,Waitlisted,0.42
153,342,780,2025-05-26,Under Review,0.12
154,609,514,2025-04-20,Rejected,0.98
155,100,152,2025-04-21,Selected,0.16
156,842,747,2025-04-17,Rejected,0.91
157,298,274,2025-07-22,Rejected,0.38
158,580,86,2025-05-27,Selected,0.63
159,494,177,2025-07-24,Selected,0.71
160,708,455,2025-04-30,Rejected,0.23
161,340,46,2025-04-14,Under Review,0.5
162,886,283,2025-05-30,Applied,0.39
163,63,624,2025-04-02,Applied,0.15
164,125,204,2025-04-15,Under Review,0.85
165,759,706,2025-06-02,Selected,0.14
166,599,518,2025-07-05,Applied,0.69
167,691,420,2025-03-13,Applied,0.38
168,524,178,2025-06-08,Under Review,0.27
169,758,651,2025-07-04,Selected,0.7
170,735,765,2025-05-22,Applied,0.62
171,55,4,2025-06-07,Applied,0.38
172,719,319,2025-06-08,Applied,0.56
173,210,281,2025-07-11,Applied,0.32
174,529,575,2025-06-20,Rejected,0.88
175,148,360,2025-04-24,Applied,0.38
176,576,121,2025-06-10,Rejected,0.32
177,759,350,2025-08-21,Selected,0.78
178,991,478,2025-03-16,Waitlisted,0.12
179,508,582,2025-08-06,Applied,0.34
180,140,714,2025-06-19,Applied,0.44
181,229,89,2025-03-14,Applied,0.89
182,917,580,2025-07-08,Applied,0.96
183,692,475,2025-04-25,Selected,0.74
184,656,91,2025-04-14,Applied,0.54
185,873,120,2025-08-08,Applied,0.68
186,159,93,2025-08-16,Rejected,0.47
187,309,187,2025-05-03,Selected,0.37
188,644,748,2025-05-11,Applied,0.96
189,319,89,2025-04-25,Applied,0.2
190,737,191,2025-06-21,Applied,0.41
191,960,326,2025-08-14,Rejected,0.91
192,7,606,2025-04-08,Rejected,0.75
193,825,642,2025-07-13,Rejected,0.13
194,497,21,2025-06-12,Rejected,0.12
195,639,786,2025-03-14,Under Review,0.56
196,705,174,2025-03-28,Applied,0.54
197,206,11,2025-04-21,Under Review,0.5
198,118,223,2025-07-14,Rejected,0.37
199,69,654,2025-05-13,Rejected,0.99
200,1,384,2025-07-03,Under Review,0.34
201,157,472,2025-04-15,Under Review,0.54
202,619,84,2025-08-27,Rejected,0.46
203,902,742,2025-05-15,Applied,0.25
204,124,253,2025-04-04,Rejected,0.28
205,533,316,2025-05-20,Applied,0.93
206,100,698,2025-05-05,Under Review,0.87
207,254,658,2025-04-11,Applied,0.28
208,210,196,2025-05-21,Selected,0.89
209,107,766,2025-08-24,Selected,0.29
210,486,774,2025-07-28,Under Review,0.66
211,26,756,2025-09-04,Rejected,0.17
212,853,136,2025-04-19,Selected,0.89
213,518,318,2025-05-18,Rejected,0.15
214,455,55,2025-04-19,Applied,0.6
215,401,389,2025-03-27,Rejected,0.8
216,57,723,2025-08-26,Applied,0.21
217,949,294,2025-06-13,Applied,0.46
218,125,183,2025-05-10,Applied,0.14
219,308,286,2025-03-13,Under Review,0.71
220,415,144,2025-08-03,Rejected,0.38
221,496,579,2025-08-24,Applied,0.6
222,189,324,2025-03-19,Under Review,0.94
223,840,424,2025-06-11,Rejected,0.38
224,241,232,2025-08-24,Selected,0.14
225,862,193,2025-07-01,Rejected,0.71
226,869,280,2025-04-17,Applied,0.81
227,560,205,2025-07-07,Rejected,0.96
228,267,182,2025-09-02,Applied,0.24
229,842,303,2025-04-09,Waitlisted,0.45
230,628,266,2025-05-07,Selected,0.86
231,698,715,2025-05-22,Selected,0.83
232,450,451,2025-03-13,Applied,0.66
233,880,271,2025-08-06,Applied,0.34
234,674,95,2025-05-31,Applied,0.36
235,632,502,2025-07-16,Under Review,0.21
236,127,364,2025-03-24,Applied,0.93
237,443,593,2025-05-17,Rejected,0.26
238,150,373,2025-06-22,Applied,0.62
239,652,358,2025-04-25,Rejected,0.63
240,23,791,2025-03-15,Applied,0.43
241,190,658,2025-03-21,Applied,0.42
242,146,536,2025-06-24,Rejected,0.7
243,839,461,2025-06-17,Rejected,0.45
244,763,647,2025-07-12,Under Review,0.33
245,674,704,2025-04-17,Applied,0.46
246,247,175,2025-05-02,Selected,0.83
247,175,38,2025-05-28,Under Review,0.97
248,524,600,2025-08-04,Under Review,0.67
249,760,395,2025-04-24,Selected,0.8
250,717,160,2025-03-19,Under Review,0.58
251,560,551,2025-04-12,Applied,0.66
252,206,583,2025-06-21,Rejected,0.99
253,488,216,2025-09-08,Rejected,0.49
254,492,720,2025-04-06,Applied,0.16
255,297,445,2025-08-27,Under Review,0.96
256,297,356,2025-06-10,Applied,0.81
257,684,662,2025-04-12,Rejected,0.46
258,103,699,2025-08-10,Selected,0.98
259,983,296,2025-08-22,Applied,0.41
260,603,213,2025-04-05,Applied,0.43
261,505,351,2025-08-24,Applied,0.65
262,377,717,2025-04-27,Under Review,0.35
263,684,516,2025-05-27,Rejected,0.73
264,282,565,2025-07-30,Applied,0.24
265,401,761,2025-07-22,Applied,0.2
266,396,276,2025-07-08,Under Review,0.58
267,715,93,2025-04-09,Applied,0.6
268,820,526,2025-07-26,Under Review,0.2
269,110,792,2025-07-25,Selected,0.97
270,476,216,2025-09-02,Selected,0.62
271,427,265,2025-03-27,Waitlisted,0.24
272,834,224,2025-05-06,Rejected,0.38
273,436,479,2025-08-10,Selected,0.82
274,152,268,2025-06-17,Rejected,0.57
275,29,33,2025-08-18,Waitlisted,0.27
276,291,119,2025-08-16,Applied,0.19
277,469,530,2025-05-29,Applied,0.49
278,124,675,2025-04-16,Applied,0.4
279,578,647,2025-03-14,Selected,0.69
280,399,191,2025-03-18,Rejected,0.93
281,12,487,2025-06-02,Under Review,0.32
282,595,144,2025-05-28,Under Review,0.87
283,311,479,2025-06-04,Under Review,0.93
284,35,601,2025-03-15,Applied,0.91
285,661,331,2025-05-11,Under Review,0.96
286,667,382,2025-08-05,Applied,0.86
287,915,578,2025-06-14,Applied,0.63
288,673,387,2025-07-25,Rejected,0.47
289,635,675,2025-08-16,Rejected,0.54
290,456,603,2025-06-22,Rejected,0.89
291,44,35,2025-06-11,Rejected,0.37
292,930,331,2025-07-26,Rejected,0.24
293,929,719,2025-05-22,Selected,0.23
294,364,108,2025-07-07,Selected,0.84
295,986,645,2025-05-05,Selected,0.79
296,143,368,2025-08-17,Under Review,0.55
297,480,9,2025-07-24,Under Review,0.35
298,904,163,2025-07-05,Rejected,0.71
299,741,432,2025-05-30,Applied,0.13
300,470,487,2025-07-20,Under Review,0.61
301,284,343,2025-07-13,Under Review,0.46
302,10,345,2025-06-12,Applied,0.98
303,163,664,2025-03-28,Waitlisted,0.56
304,367,103,2025-03-31,Applied,0.6
305,513,192,2025-08-20,Under Review,0.74
306,877,367,2025-06-15,Applied,0.54
307,882,314,2025-05-17,Rejected,0.3
308,516,167,2025-08-16,Selected,0.58
309,216,479,2025-04-28,Selected,0.95
310,358,560,2025-07-06,Rejected,0.47
311,925,191,2025-09-04,Under Review,0.71
312,724,771,2025-04-07,Applied,0.98
313,538,23,2025-08-25,Applied,0.85
314,400,450,2025-04-20,Rejected,0.69
315,526,632,2025-08-25,Selected,0.76
316,65,468,2025-03-19,Applied,0.94
317,179,608,2025-06-06,Applied,0.96
318,672,590,2025-08-16,Applied,0.97
319,156,712,2025-07-28,Selected,0.66
320,361,446,2025-09-09,Applied,0.45
321,672,749,2025-04-27,Applied,0.22
322,737,409,2025-09-06,Under Review,0.45
323,577,485,2025-09-08,Selected,0.95
324,348,250,2025-06-18,Selected,0.9
325,471,259,2025-06-03,Under Review,0.57
326,733,741,2025-06-23,Selected,0.58
327,880,383,2025-09-02,Under Review,0.38
328,806,616,2025-04-17,Waitlisted,0.51
329,144,346,2025-04-18,Applied,0.74
330,286,495,2025-06-06,Selected,0.46
331,804,695,2025-08-23,Under Review,0.27
332,781,411,2025-07-27,Applied,0.59
333,675,308,2025-07-23,Rejected,0.3
334,311,42,2025-03-31,Applied,0.98
335,946,240,2025-04-04,Under Review,0.45
336,404,782,2025-05-05,Under Review,0.92
337,70,520,2025-07-25,Applied,0.3
338,939,111,2025-04-25,Under Review,0.27
339,860,432,2025-07-16,Under Review,0.66
340,661,437,2025-06-13,Rejected,0.8
341,496,793,2025-08-16,Rejected,0.61
342,386,276,2025-03-19,Applied,0.31
343,986,592,2025-08-01,Selected,0.13
344,484,411,2025-04-09,Rejected,0.66
345,621,608,2025-06-06,Applied,0.22
346,675,30,2025-04-16,Under Review,0.41
347,185,168,2025-07-26,Rejected,0.71
348,590,525,2025-05-20,Selected,0.19
349,726,171,2025-03-13,Applied,0.21
350,950,308,2025-07-26,Under Review,0.16
351,520,612,2025-05-03,Under Review,1.0
352,795,715,2025-08-02,Waitlisted,0.45
353,675,537,2025-05-19,Applied,0.92
354,539,204,2025-09-02,Waitlisted,0.36
355,266,582,2025-04-03,Under Review,0.78
356,133,770,2025-08-31,Applied,0.3
357,715,143,2025-04-25,Under Review,0.55
358,332,134,2025-08-10,Selected,0.84
359,603,680,2025-06-22,Applied,0.83
360,979,342,2025-06-27,Applied,0.81
361,595,56,2025-08-13,Rejected,0.84
362,357,93,2025-06-12,Waitlisted,0.29
363,599,317,2025-03-19,Under Review,0.53
364,633,785,2025-07-25,Applied,0.54
365,850,145,2025-04-11,Rejected,0.9
366,414,355,2025-04-30,Selected,0.37
367,70,470,2025-07-29,Applied,0.94
368,47,406,2025-08-15,Rejected,0.51
369,31,170,2025-05-05,Applied,0.7
370,873,472,2025-07-22,Selected,0.34
371,751,1,2025-04-08,Under Review,0.47
372,163,675,2025-08-01,Selected,0.74
373,238,152,2025-04-06,Applied,0.56
374,99,206,2025-06-15,Selected,0.94
375,682,177,2025-05-16,Waitlisted,0.76
376,109,309,2025-03-25,Under Review,0.61
377,512,315,2025-04-22,Under Review,0.9
378,957,83,2025-06-02,Applied,0.7
379,696,190,2025-05-18,Rejected,0.68
380,488,242,2025-08-11,Waitlisted,0.32
381,332,209,2025-03-22,Rejected,0.46
382,779,448,2025-04-21,Under Review,0.71
383,238,93,2025-08-24,Waitlisted,0.9
384,791,742,2025-06-15,Applied,0.38
385,828,251,2025-07-08,Under Review,0.29
386,940,158,2025-06-08,Under Review,0.63
387,751,702,2025-08-04,Under Review,0.16
388,815,569,2025-07-10,Rejected,0.74
389,243,795,2025-05-07,Selected,0.73
390,108,384,2025-07-23,Applied,0.42
391,922,6,2025-05-29,Under Review,0.9
392,902,489,2025-08-30,Under Review,0.55
393,179,164,2025-06-10,Selected,0.68
394,746,353,2025-08-25,Applied,0.29
395,914,103,2025-05-10,Applied,0.48
396,394,483,2025-03-25,Selected,0.88
397,774,564,2025-04-11,Rejected,0.29
398,997,704,2025-08-15,Rejected,0.45
399,431,404,2025-04-29,Waitlisted,0.39
400,945,716,2025-08-17,Rejected,0.24
401,66,218,2025-03-24,Applied,0.36
402,64,484,2025-03-26,Rejected,0.31
403,627,685,2025-06-19,Under Review,0.93
404,257,386,2025-04-28,Rejected,0.77
405,118,475,2025-04-18,Under Review,0.38
406,39,724,2025-04-15,Rejected,0.79
407,868,249,2025-03-14,Under Review,0.12
408,768,782,2025-04-26,Applied,0.57
409,75,99,2025-04-29,Selected,0.33
410,453,397,2025-06-01,Applied,0.2
411,782,132,2025-04-23,Waitlisted,0.9
412,384,326,2025-03-29,Under Review,0.28
413,622,782,2025-07-20,Selected,0.84
414,647,137,2025-06-29,Rejected,0.47
415,861,410,2025-06-19,Selected,0.11
416,31,792,2025-08-06,Under Review,0.76
417,946,335,2025-05-18,Applied,0.64
418,179,290,2025-07-21,Under Review,0.41
419,329,691,2025-06-27,Rejected,0.35
420,111,748,2025-04-02,Rejected,0.17
421,716,435,2025-05-23,Waitlisted,0.95
422,461,612,2025-05-29,Applied,0.54
423,387,404,2025-05-21,Applied,0.18
424,137,547,2025-06-05,Applied,0.88
425,653,74,2025-08-19,Rejected,0.35
426,588,356,2025-05-07,Applied,0.28
427,570,501,2025-09-03,Applied,0.35
428,205,686,2025-05-07,Selected,0.61
429,201,759,2025-08-14,Under Review,0.17
430,259,601,2025-06-19,Rejected,0.53
431,503,28,2025-04-19,Under Review,0.91
432,449,228,2025-05-09,Under Review,0.27
433,696,624,2025-04-06,Under Review,0.4
434,293,183,2025-06-02,Rejected,0.46
435,231,787,2025-06-23,Under Review,0.63
436,207,241,2025-05-05,Under Review,0.93
437,760,378,2025-06-28,Under Review,0.46
438,166,371,2025-03-18,Applied,0.16
439,445,349,2025-03-15,Rejected,0.41
440,834,514,2025-08-26,Applied,0.27
441,542,2,2025-04-27,Rejected,0.69
442,829,626,2025-08-30,Applied,0.13
443,809,614,2025-07-23,Rejected,0.36
444,197,770,2025-08-18,Rejected,0.59
445,89,408,2025-06-23,Selected,0.35
446,597,80,2025-04-12,Selected,0.6
447,25,662,2025-04-16,Under Review,0.2
448,645,236,2025-04-24,Selected,0.95
449,983,142,2025-07-27,Applied,0.36
450,685,512,2025-03-29,Under Review,0.93
451,99,193,2025-06-21,Rejected,0.39
452,209,46,2025-08-28,Applied,0.8
453,35,217,2025-04-26,Rejected,0.32
454,830,310,2025-09-02,Under Review,0.7
455,144,446,2025-08-28,Under Review,0.39
456,915,96,2025-06-24,Rejected,0.56
457,6,348,2025-06-03,Selected,0.71
458,369,394,2025-07-23,Selected,0.63
459,793,670,2025-06-11,Rejected,0.62
460,418,185,2025-04-25,Rejected,0.16
461,582,436,2025-08-27,Applied,0.32
462,560,155,2025-03-18,Selected,0.61
463,886,292,2025-05-21,Under Review,0.12
464,74,319,2025-05-02,Applied,0.33
465,349,397,2025-04-28,Applied,0.31
466,190,692,2025-07-26,Under Review,0.32
467,699,493,2025-05-02,Selected,0.58
468,748,36,2025-06-07,Rejected,0.62
469,981,268,2025-03-19,Rejected,0.92
470,933,432,2025-03-15,Selected,0.45
471,746,184,2025-08-29,Applied,0.93
472,658,168,2025-07-17,Applied,0.69
473,541,408,2025-08-15,Under Review,0.92
474,509,699,2025-05-15,Selected,0.85
475,195,530,2025-07-24,Applied,0.72
476,853,109,2025-07-15,Under Review,0.42
477,213,477,2025-06-20,Rejected,0.32
478,585,85,2025-08-22,Rejected,0.3
479,848,355,2025-07-19,Rejected,0.96
480,486,703,2025-05-06,Selected,0.96
481,513,751,2025-07-19,Applied,0.75
482,361,104,2025-04-16,Applied,0.9
483,366,672,2025-03-30,Rejected,0.93
484,634,415,2025-04-06,Selected,0.56
485,922,13,2025-09-06,Selected,0.67
486,573,165,2025-08-29,Applied,0.48
487,874,327,2025-06-04,Selected,0.48
488,142,132,2025-07-19,Applied,0.13
489,821,589,2025-03-17,Applied,0.49
490,69,520,2025-08-11,Under Review,0.71
491,450,394,2025-06-27,Under Review,0.48
492,438,703,2025-09-08,Applied,0.89
493,641,466,2025-07-10,Applied,0.4
494,386,12,2025-03-25,Rejected,0.22
495,895,498,2025-06-17,Selected,0.83
496,73,670,2025-07-26,Under Review,0.71
497,583,687,2025-06-02,Under Review,0.32
498,81,412,2025-07-13,Waitlisted,0.58
499,131,433,2025-06-06,Applied,0.46
500,802,790,2025-05-30,Applied,0.94
501,530,56,2025-08-29,Selected,0.65
502,306,311,2025-08-01,Applied,0.24
503,104,436,2025-08-04,Selected,0.55
504,121,265,2025-04-09,Selected,0.88
505,511,760,2025-07-08,Waitlisted,0.7
506,237,650,2025-04-03,Rejected,0.86
507,53,119,2025-03-22,Rejected,0.33
508,616,619,2025-07-05,Applied,0.9
509,554,462,2025-05-24,Rejected,0.78
510,339,515,2025-03-19,Applied,0.76
511,24,382,2025-04-16,Selected,0.41
512,230,800,2025-04-02,Rejected,0.9
513,842,485,2025-06-22,Applied,0.67
514,964,730,2025-07-19,Selected,0.87
515,297,344,2025-03-26,Applied,0.42
516,945,548,2025-07-02,Applied,0.23
517,849,374,2025-05-28,Rejected,0.4
518,258,115,2025-03-17,Applied,0.51
519,400,184,2025-09-07,Applied,0.58
520,721,435,2025-05-26,Under Review,0.56
521,367,545,2025-05-27,Rejected,0.59
522,70,778,2025-06-05,Applied,0.86
523,894,393,2025-06-30,Under Review,0.25
524,893,691,2025-07-23,Rejected,0.38
525,162,82,2025-05-08,Applied,0.9
526,992,154,2025-07-07,Under Review,0.6
527,295,8,2025-04-09,Rejected,0.63
528,77,346,2025-09-07,Under Review,0.53
529,548,725,2025-04-02,Rejected,0.59
530,590,605,2025-03-16,Applied,0.28
531,248,265,2025-05-31,Rejected,0.59
532,874,203,2025-08-30,Rejected,1.0
533,531,528,2025-03-15,Applied,0.61
534,955,630,2025-05-18,Applied,0.14
535,626,746,2025-08-08,Waitlisted,0.82
536,513,466,2025-03-24,Under Review,0.46
537,320,446,2025-03-17,Selected,0.24
538,409,50,2025-07-14,Selected,0.88
539,634,476,2025-08-22,Rejected,0.28
540,59,289,2025-03-30,Rejected,0.93
541,560,41,2025-08-11,Applied,0.5
542,715,125,2025-08-11,Applied,0.77
543,914,502,2025-07-31,Rejected,0.59
544,114,472,2025-05-07,Rejected,0.33
545,597,376,2025-08-23,Selected,0.7
546,483,52,2025-07-25,Waitlisted,0.96
547,960,614,2025-04-25,Rejected,0.79
548,940,703,2025-06-18,Applied,0.64
549,270,379,2025-07-29,Rejected,0.99
550,669,259,2025-07-06,Under Review,0.34
551,31,436,2025-03-19,Applied,0.16
552,34,346,2025-03-16,Under Review,0.13
553,347,692,2025-05-31,Rejected,0.74
554,432,304,2025-06-29,Waitlisted,0.85
555,268,786,2025-04-25,Applied,0.67
556,206,25,2025-06-28,Applied,0.91
557,343,556,2025-06-29,Selected,0.73
558,910,274,2025-04-17,Rejected,0.43
559,784,184,2025-07-05,Rejected,0.26
560,61,301,2025-08-13,Selected,0.93
561,143,366,2025-08-10,Selected,0.19
562,210,428,2025-05-31,Applied,0.59
563,561,18,2025-07-20,Under Review,0.38
564,837,458,2025-08-18,Applied,0.34
565,752,333,2025-04-20,Rejected,0.68
566,338,305,2025-05-05,Applied,0.31
567,947,652,2025-07-20,Selected,0.92
568,776,37,2025-08-08,Applied,0.47
569,680,611,2025-04-30,Under Review,0.71
570,935,115,2025-08-31,Applied,0.75
571,900,366,2025-05-12,Under Review,0.71
572,64,750,2025-05-10,Applied,0.91
573,242,38,2025-08-13,Rejected,0.31
574,506,545,2025-08-12,Under Review,0.18
575,75,757,2025-07-13,Rejected,0.15
576,825,406,2025-08-31,Under Review,0.89
577,971,255,2025-06-02,Under Review,0.98
578,578,180,2025-07-24,Under Review,0.37
579,927,87,2025-08-19,Waitlisted,0.72
580,625,548,2025-03-16,Under Review,0.11
581,720,97,2025-08-23,Applied,0.27
582,856,130,2025-07-10,Rejected,0.72
583,784,745,2025-05-21,Applied,0.16
584,827,149,2025-04-05,Rejected,0.52
585,37,649,2025-06-07,Applied,0.7
586,355,506,2025-05-20,Selected,0.79
587,73,442,2025-08-04,Applied,0.51
588,973,282,2025-05-19,Rejected,0.67
589,427,354,2025-04-10,Selected,0.59
590,613,470,2025-08-30,Under Review,0.15
591,758,706,2025-03-24,Applied,0.77
592,628,633,2025-05-04,Under Review,0.26
593,952,250,2025-07-23,Rejected,0.13
594,83,751,2025-07-18,Under Review,0.51
595,909,537,2025-06-20,Applied,0.88
596,565,583,2025-08-29,Selected,0.24
597,491,470,2025-04-17,Under Review,0.11
598,970,42,2025-09-06,Applied,0.2
599,133,79,2025-08-01,Applied,0.43
600,278,335,2025-06-14,Rejected,0.62
601,741,382,2025-07-07,Waitlisted,0.27
602,43,40,2025-07-27,Applied,0.82
603,107,151,2025-06-12,Rejected,0.78
604,37,624,2025-05-14,Applied,0.73
605,509,742,2025-07-20,Under Review,0.54
606,520,654,2025-03-29,Under Review,0.43
607,231,104,2025-08-26,Applied,0.44
608,666,392,2025-06-01,Under Review,0.55
609,359,525,2025-06-04,Rejected,0.17
610,442,743,2025-08-01,Rejected,0.71
611,490,81,2025-06-27,Applied,0.42
612,311,346,2025-05-03,Applied,0.3
613,801,653,2025-08-24,Waitlisted,0.35
614,871,768,2025-07-14,Applied,0.26
615,898,310,2025-07-24,Selected,0.91
616,995,433,2025-04-02,Applied,0.25
617,234,411,2025-07-22,Under Review,0.89
618,22,23,2025-06-16,Applied,0.62
619,954,189,2025-03-25,Rejected,0.88
620,57,765,2025-05-20,Rejected,0.53
621,27,264,2025-09-03,Applied,0.93
622,793,739,2025-05-20,Rejected,0.29
623,801,669,2025-08-23,Under Review,0.6
624,831,761,2025-07-09,Applied,0.21
625,201,82,2025-04-08,Rejected,0.5
626,548,444,2025-04-27,Selected,0.61
627,623,120,2025-06-28,Applied,0.65
628,881,197,2025-04-20,Applied,0.43
629,389,585,2025-07-30,Waitlisted,0.17
630,699,268,2025-08-04,Rejected,0.69
631,701,311,2025-04-22,Rejected,0.54
632,756,631,2025-06-20,Applied,0.22
633,19,527,2025-08-26,Rejected,0.94
634,566,553,2025-08-12,Applied,0.96
635,494,250,2025-03-18,Waitlisted,0.87
636,54,711,2025-08-24,Applied,0.86
637,397,51,2025-05-28,Under Review,0.19
638,785,384,2025-04-30,Under Review,0.99
639,387,588,2025-04-26,Rejected,0.46
640,713,485,2025-09-05,Rejected,0.25
641,129,221,2025-04-04,Under Review,0.83
642,441,779,2025-07-28,Selected,0.3
643,719,448,2025-06-19,Rejected,0.57
644,438,282,2025-06-07,Applied,0.22
645,563,765,2025-08-31,Rejected,0.53
646,142,706,2025-08-04,Rejected,0.6
647,119,797,2025-08-14,Applied,0.5
648,449,191,2025-03-18,Applied,0.16
649,121,284,2025-07-12,Under Review,0.54
650,919,514,2025-09-08,Applied,0.52
651,631,688,2025-06-04,Under Review,0.34
652,926,47,2025-09-09,Rejected,0.93
653,377,620,2025-04-18,Selected,0.48
654,361,409,2025-08-26,Applied,0.88
655,199,186,2025-06-02,Selected,0.2
656,352,695,2025-04-17,Selected,0.39
657,448,292,2025-08-10,Rejected,0.26
658,941,280,2025-07-14,Applied,0.47
659,60,6,2025-04-02,Selected,0.2
660,244,417,2025-08-31,Rejected,0.5
661,238,213,2025-04-18,Under Review,0.42
662,95,20,2025-04-23,Under Review,0.3
663,603,425,2025-08-22,Applied,0.68
664,11,673,2025-09-04,Rejected,0.96
665,233,133,2025-03-27,Under Review,0.29
666,423,282,2025-05-11,Rejected,0.74
667,766,274,2025-04-16,Rejected,0.77
668,771,474,2025-03-28,Under Review,0.55
669,910,614,2025-06-03,Selected,0.91
670,828,651,2025-06-29,Applied,0.97
671,813,326,2025-03-18,Applied,0.43
672,550,100,2025-04-05,Rejected,0.69
673,582,227,2025-06-02,Selected,0.7
674,47,231,2025-05-17,Under Review,0.46
675,822,19,2025-07-11,Rejected,0.39
676,16,727,2025-03-19,Applied,0.94
677,895,333,2025-05-07,Under Review,0.81
678,738,227,2025-04-06,Under Review,0.2
679,256,66,2025-07-07,Under Review,0.21
680,833,627,2025-06-13,Waitlisted,0.93
681,59,295,2025-03-31,Selected,0.17
682,79,746,2025-05-16,Under Review,0.72
683,59,730,2025-05-10,Under Review,0.3
684,130,624,2025-08-01,Applied,0.13
685,450,472,2025-05-16,Under Review,0.15
686,185,603,2025-04-25,Selected,0.44
687,290,431,2025-06-09,Rejected,0.17
688,45,651,2025-07-14,Rejected,0.64
689,322,610,2025-08-04,Under Review,0.68
690,359,337,2025-06-28,Under Review,0.44
691,617,555,2025-03-30,Applied,0.77
692,671,399,2025-07-27,Applied,0.54
693,912,488,2025-06-02,Under Review,0.49
694,251,572,2025-07-06,Under Review,0.47
695,300,13,2025-07-30,Applied,0.49
696,133,352,2025-06-07,Selected,0.97
697,621,349,2025-09-04,Rejected,0.71
698,408,328,2025-05-22,Applied,0.38
699,491,355,2025-06-25,Rejected,0.76
700,674,456,2025-08-04,Applied,0.4
701,126,156,2025-08-30,Under Review,0.21
702,673,474,2025-05-15,Rejected,0.53
703,79,761,2025-05-27,Under Review,0.78
704,79,511,2025-04-24,Rejected,0.44
705,257,216,2025-07-13,Applied,0.88
706,961,546,2025-05-30,Selected,0.45
707,557,715,2025-08-08,Selected,0.41
708,211,175,2025-04-02,Selected,1.0
709,507,690,2025-06-11,Rejected,0.53
710,723,400,2025-07-18,Rejected,0.82
711,753,262,2025-05-29,Rejected,0.82
712,833,413,2025-05-25,Applied,0.93
713,366,34,2025-05-26,Under Review,0.18
714,920,677,2025-05-15,Selected,0.34
715,938,586,2025-05-17,Selected,0.79
716,880,81,2025-05-19,Waitlisted,0.61
717,226,647,2025-06-02,Applied,0.6
718,455,499,2025-05-14,Under Review,0.25
719,731,575,2025-06-08,Selected,0.35
720,310,354,2025-06-15,Rejected,0.57
721,965,86,2025-06-18,Rejected,0.35
722,376,213,2025-03-23,Under Review,0.29
723,799,766,2025-05-30,Applied,0.18
724,565,543,2025-08-06,Under Review,0.24
725,300,379,2025-04-27,Under Review,0.79
726,890,312,2025-07-19,Waitlisted,0.75
727,670,299,2025-07-09,Under Review,0.14
728,251,769,2025-07-16,Under Review,0.28
729,540,323,2025-07-23,Under Review,0.6
730,915,463,2025-04-17,Under Review,0.39
731,274,691,2025-07-22,Rejected,0.84
732,327,479,2025-03-25,Applied,0.81
733,715,31,2025-04-04,Under Review,0.9
734,555,160,2025-06-08,Waitlisted,0.61
735,516,640,2025-05-14,Applied,0.42
736,107,599,2025-04-22,Rejected,0.65
737,56,171,2025-05-28,Under Review,0.18
738,355,640,2025-06-06,Selected,0.11
739,923,361,2025-03-29,Applied,0.12
740,421,579,2025-06-23,Under Review,0.47
741,723,442,2025-07-17,Under Review,0.31
742,974,426,2025-06-01,Applied,0.24
743,637,784,2025-08-04,Under Review,0.65
744,498,24,2025-05-12,Applied,1.0
745,287,770,2025-08-13,Selected,0.26
746,81,291,2025-04-24,Rejected,0.59
747,209,570,2025-03-27,Applied,0.21
748,934,762,2025-05-17,Applied,0.94
749,141,503,2025-06-25,Rejected,0.36
750,862,241,2025-04-03,Selected,0.89
751,1000,385,2025-05-27,Applied,0.35
752,534,551,2025-08-27,Under Review,0.83
753,237,135,2025-07-20,Applied,0.29
754,313,388,2025-07-16,Applied,0.36
755,760,622,2025-06-15,Rejected,0.27
756,567,127,2025-04-21,Rejected,0.34
757,216,100,2025-07-31,Selected,0.85
758,126,406,2025-03-25,Applied,0.68
759,382,224,2025-06-03,Applied,0.47
760,743,217,2025-04-30,Rejected,0.97
761,836,114,2025-05-22,Applied,0.52
762,807,585,2025-07-25,Under Review,0.97
763,146,297,2025-05-19,Applied,0.28
764,37,183,2025-09-03,Selected,0.91
765,241,163,2025-03-16,Applied,0.11
766,716,786,2025-07-19,Under Review,0.59
767,451,797,2025-06-03,Rejected,0.48
768,666,753,2025-04-17,Selected,0.57
769,783,411,2025-03-23,Applied,0.6
770,465,564,2025-07-27,Rejected,0.45
771,976,419,2025-07-02,Applied,1.0
772,117,361,2025-03-19,Under Review,0.98
773,22,770,2025-04-18,Selected,0.97
774,511,223,2025-08-01,Applied,0.98
775,857,429,2025-03-29,Under Review,0.81
776,35,614,2025-05-30,Rejected,0.99
777,277,286,2025-04-15,Rejected,0.9
778,285,328,2025-07-21,Under Review,0.47
779,603,789,2025-08-02,Applied,0.81
780,394,372,2025-05-27,Under Review,0.92
781,308,646,2025-06-20,Under Review,0.74
782,848,109,2025-05-13,Under Review,0.48
783,989,681,2025-07-09,Under Review,0.16
784,87,704,2025-08-07,Selected,0.83
785,62,649,2025-05-08,Applied,0.96
786,286,781,2025-06-21,Applied,0.43
787,876,652,2025-04-06,Under Review,0.24
788,625,326,2025-04-06,Under Review,0.39
789,394,515,2025-04-27,Waitlisted,0.62
790,508,549,2025-04-02,Under Review,0.39
791,20,546,2025-08-31,Rejected,0.65
792,884,402,2025-03-20,Rejected,0.97
793,392,231,2025-08-16,Rejected,0.7
794,394,414,2025-08-24,Applied,0.43
795,455,507,2025-08-19,Rejected,0.94
796,46,775,2025-09-04,Applied,0.61
797,230,476,2025-09-07,Applied,0.22
798,211,294,2025-08-27,Under Review,0.55
799,389,461,2025-06-17,Applied,0.69
800,189,161,2025-08-17,Applied,0.85
801,676,182,2025-06-21,Applied,0.94
802,442,410,2025-06-10,Applied,0.39
803,546,296,2025-07-20,Selected,0.24
804,54,4,2025-08-02,Applied,0.17
805,677,546,2025-07-17,Under Review,0.76
806,313,343,2025-06-23,Waitlisted,0.82
807,33,782,2025-08-24,Under Review,0.47
808,555,476,2025-06-09,Selected,0.46
809,782,672,2025-04-03,Waitlisted,0.96
810,357,177,2025-06-21,Applied,0.93
811,960,700,2025-04-13,Under Review,0.31
812,27,101,2025-05-18,Rejected,0.8
813,932,393,2025-05-11,Rejected,0.66
814,624,595,2025-06-15,Selected,0.24
815,773,669,2025-03-13,Applied,0.42
816,915,429,2025-07-27,Rejected,0.26
817,345,429,2025-06-27,Applied,0.37
818,945,421,2025-06-24,Under Review,0.65
819,849,194,2025-08-15,Under Review,0.44
820,930,652,2025-04-19,Under Review,0.45
821,269,30,2025-07-31,Rejected,0.59
822,830,634,2025-08-02,Rejected,0.18
823,772,230,2025-07-30,Rejected,0.76
824,606,142,2025-05-26,Applied,0.46
825,222,625,2025-08-10,Selected,0.53
826,776,635,2025-04-26,Rejected,0.98
827,29,516,2025-04-04,Under Review,0.41
828,350,83,2025-05-28,Rejected,0.68
829,744,614,2025-07-31,Rejected,0.45
830,850,585,2025-04-19,Selected,0.9
831,637,750,2025-04-21,Applied,0.86
832,445,419,2025-04-02,Selected,0.32
833,887,24,2025-05-12,Rejected,0.72
834,438,333,2025-03-14,Under Review,0.16
835,802,625,2025-06-30,Rejected,0.97
836,747,256,2025-03-17,Under Review,0.41
837,951,171,2025-07-08,Selected,0.85
838,754,583,2025-08-11,Selected,0.39
839,771,641,2025-03-24,Selected,0.67
840,59,484,2025-08-03,Rejected,0.99
841,827,701,2025-05-19,Applied,0.89
842,112,94,2025-08-16,Applied,0.24
843,567,380,2025-08-30,Rejected,0.59
844,398,24,2025-08-06,Applied,0.41
845,976,761,2025-06-04,Under Review,0.49
846,739,616,2025-05-11,Applied,0.4
847,955,670,2025-06-04,Applied,0.4
848,695,399,2025-05-10,Selected,0.59
849,295,566,2025-07-28,Rejected,0.27
850,880,524,2025-09-04,Applied,0.58
851,961,198,2025-04-12,Applied,0.35
852,548,166,2025-03-17,Applied,0.36
853,475,469,2025-06-09,Under Review,0.76
854,435,378,2025-05-20,Applied,0.13
855,587,741,2025-04-13,Under Review,0.44
856,737,246,2025-04-16,Rejected,0.47
857,582,180,2025-07-25,Selected,0.54
858,788,484,2025-05-18,Applied,0.7
859,532,730,2025-09-04,Selected,0.43
860,267,205,2025-05-07,Rejected,0.29
861,167,331,2025-03-22,Under Review,0.9
862,984,136,2025-04-17,Under Review,0.98
863,391,301,2025-06-13,Selected,0.12
864,479,67,2025-06-15,Applied,0.59
865,764,32,2025-08-19,Selected,0.41
866,947,212,2025-06-07,Rejected,0.35
867,244,592,2025-08-23,Under Review,0.4
868,136,473,2025-07-26,Selected,0.67
869,930,471,2025-08-06,Selected,0.27
870,16,251,2025-04-03,Applied,0.92
871,288,701,2025-06-25,Applied,0.52
872,819,618,2025-03-20,Rejected,0.39
873,699,455,2025-06-01,Rejected,0.79
874,974,248,2025-08-02,Rejected,0.11
875,281,182,2025-08-12,Rejected,0.49
876,88,473,2025-03-22,Under Review,0.42
877,256,513,2025-07-21,Applied,0.4
878,790,657,2025-03-31,Under Review,0.4
879,556,114,2025-06-19,Applied,0.13
880,303,619,2025-06-27,Rejected,0.24
881,346,340,2025-08-19,Waitlisted,0.23
882,585,164,2025-06-11,Rejected,0.99
883,405,251,2025-04-08,Selected,0.12
884,40,474,2025-05-06,Applied,0.25
885,631,740,2025-09-05,Applied,0.98
886,281,72,2025-04-03,Under Review,0.67
887,371,8,2025-04-11,Selected,0.51
888,276,767,2025-05-26,Under Review,0.17
889,676,34,2025-07-28,Rejected,0.7
890,257,699,2025-06-08,Rejected,0.22
891,802,694,2025-07-07,Applied,0.7
892,669,417,2025-07-22,Applied,0.98
893,830,533,2025-05-01,Selected,0.58
894,791,482,2025-06-30,Applied,0.29
895,623,395,2025-04-29,Rejected,0.66
896,13,73,2025-09-03,Selected,0.56
897,128,428,2025-05-07,Applied,0.58
898,315,267,2025-06-20,Under Review,0.53
899,583,734,2025-07-29,Under Review,0.71
900,677,551,2025-08-27,Rejected,0.61
901,329,124,2025-03-27,Applied,0.99
902,857,733,2025-07-10,Rejected,0.84
903,271,796,2025-03-14,Selected,0.34
904,868,622,2025-06-23,Rejected,0.75
905,184,663,2025-07-04,Applied,0.29
906,455,547,2025-05-18,Selected,0.8
907,474,732,2025-05-22,Selected,0.23
908,18,25,2025-06-15,Under Review,0.53
909,451,450,2025-08-30,Rejected,0.81
910,10,493,2025-07-02,Selected,0.35
911,478,744,2025-03-25,Rejected,0.85
912,38,62,2025-05-15,Applied,0.68
913,990,300,2025-03-25,Rejected,0.46
914,368,408,2025-08-20,Applied,0.48
915,492,743,2025-06-16,Rejected,0.93
916,654,788,2025-04-21,Rejected,0.3
917,865,41,2025-09-01,Under Review,0.72
918,570,373,2025-08-07,Under Review,0.74
919,224,410,2025-04-03,Selected,0.93
920,419,734,2025-09-07,Applied,0.74
921,60,524,2025-04-16,Under Review,0.63
922,594,645,2025-09-05,Under Review,0.91
923,962,666,2025-06-24,Rejected,0.85
924,82,451,2025-06-04,Rejected,0.75
925,284,439,2025-07-20,Rejected,0.13
926,919,128,2025-05-12,Selected,0.44
927,625,107,2025-06-04,Rejected,0.67
928,565,150,2025-06-02,Under Review,0.57
929,322,269,2025-08-31,Under Review,0.39
930,977,777,2025-03-16,Selected,0.23
931,66,594,2025-03-21,Rejected,0.6
932,452,772,2025-07-02,Rejected,0.36
933,185,115,2025-03-15,Selected,0.31
934,265,740,2025-06-05,Rejected,0.46
935,785,174,2025-06-16,Under Review,0.81
936,806,376,2025-06-08,Rejected,0.54
937,283,423,2025-05-01,Under Review,0.29
938,266,673,2025-05-24,Applied,0.21
939,890,348,2025-05-28,Selected,0.55
940,507,146,2025-06-14,Selected,0.81
941,131,249,2025-08-07,Under Review,0.69
942,233,495,2025-06-13,Selected,0.31
943,646,216,2025-07-05,Selected,0.49
944,179,271,2025-04-21,Rejected,0.87
945,151,100,2025-07-22,Rejected,0.26
946,893,338,2025-05-07,Under Review,0.58
947,633,658,2025-06-29,Waitlisted,0.42
948,672,711,2025-07-03,Selected,0.21
949,51,76,2025-08-19,Rejected,0.14
950,239,470,2025-05-17,Selected,0.6
951,118,727,2025-03-22,Applied,0.12
952,671,504,2025-08-19,Applied,0.19
953,40,771,2025-03-23,Rejected,0.41
954,189,251,2025-06-20,Under Review,0.14
955,701,776,2025-05-02,Rejected,0.46
956,519,267,2025-08-11,Under Review,0.22
957,882,351,2025-09-04,Under Review,0.41
958,451,303,2025-08-08,Applied,0.81
959,594,706,2025-08-13,Rejected,0.66
960,325,456,2025-07-09,Applied,0.5
961,43,339,2025-08-21,Rejected,0.18
962,567,462,2025-07-26,Under Review,0.66
963,735,717,2025-06-06,Rejected,0.25
964,234,265,2025-08-24,Applied,0.17
965,63,582,2025-08-01,Applied,0.7
966,975,282,2025-04-16,Selected,0.92
967,732,609,2025-07-11,Selected,0.51
968,266,37,2025-08-18,Applied,0.14
969,999,780,2025-08-21,Rejected,0.89
970,264,144,2025-09-07,Applied,0.16
971,17,152,2025-09-06,Under Review,0.88
972,695,535,2025-06-14,Applied,0.45
973,866,296,2025-04-04,Under Review,0.43
974,879,27,2025-08-22,Under Review,0.59
975,870,227,2025-08-01,Applied,0.96
976,362,380,2025-04-13,Rejected,0.91
977,554,578,2025-04-02,Under Review,0.52
978,736,372,2025-05-15,Rejected,0.73
979,46,731,2025-04-01,Applied,0.62
980,615,299,2025-06-17,Under Review,0.72
981,241,315,2025-03-23,Applied,0.85
982,359,734,2025-08-13,Rejected,0.13
983,112,163,2025-04-06,Selected,0.39
984,80,582,2025-08-09,Rejected,0.96
985,520,650,2025-08-26,Under Review,0.95
986,455,313,2025-03-13,Rejected,0.11
987,116,487,2025-08-05,Selected,0.28
988,524,731,2025-07-20,Applied,0.99
989,80,451,2025-08-20,Applied,0.54
990,243,690,2025-07-24,Under Review,0.62
991,209,302,2025-08-17,Selected,0.25
992,334,159,2025-08-17,Applied,0.9
993,585,762,2025-09-09,Rejected,0.31
994,381,712,2025-05-22,Under Review,0.27
995,850,132,2025-03-18,Under Review,0.31
996,843,151,2025-07-12,Applied,0.93
997,698,623,2025-07-18,Selected,0.73
998,426,300,2025-08-28,Applied,0.79
999,74,394,2025-08-20,Applied,0.44
1000,658,264,2025-06-02,Rejected,0.92
1001,437,653,2025-06-19,Under Review,0.81
1002,897,234,2025-04-02,Under Review,0.78
1003,290,29,2025-04-27,Applied,0.97
1004,147,217,2025-07-22,Under Review,0.43
1005,26,598,2025-05-11,Applied,0.65
1006,335,311,2025-07-21,Under Review,0.92
1007,622,152,2025-05-06,Under Review,0.81
1008,808,599,2025-04-08,Under Review,0.61
1009,369,13,2025-03-13,Waitlisted,0.17
1010,344,266,2025-07-24,Under Review,0.69
1011,999,373,2025-05-12,Under Review,0.57
1012,418,739,2025-06-28,Under Review,0.27
1013,919,521,2025-03-20,Applied,0.89
1014,668,764,2025-04-11,Rejected,0.41
1015,384,530,2025-08-25,Selected,0.45
1016,482,416,2025-05-19,Applied,0.71
1017,966,489,2025-07-24,Rejected,0.54
1018,997,634,2025-05-03,Applied,0.18
1019,302,175,2025-09-08,Waitlisted,0.45
1020,637,353,2025-08-20,Rejected,0.19
1021,32,660,2025-07-26,Selected,0.27
1022,165,160,2025-07-21,Applied,0.11
1023,378,602,2025-07-04,Applied,0.26
1024,46,514,2025-08-04,Applied,0.4
1025,298,322,2025-04-24,Applied,0.58
1026,953,536,2025-04-15,Under Review,0.93
1027,154,384,2025-07-23,Rejected,0.59
1028,934,388,2025-03-14,Under Review,0.74
1029,606,497,2025-08-09,Selected,0.42
1030,27,664,2025-03-14,Selected,0.78
1031,109,174,2025-08-21,Rejected,0.66
1032,624,538,2025-07-23,Applied,0.51
1033,217,494,2025-07-24,Under Review,0.27
1034,828,180,2025-06-19,Rejected,0.37
1035,321,496,2025-07-13,Rejected,0.66
1036,524,389,2025-07-30,Rejected,0.48
1037,733,15,2025-05-31,Rejected,0.9
1038,800,685,2025-03-31,Applied,0.31
1039,760,67,2025-04-11,Under Review,0.17
1040,521,351,2025-06-26,Applied,0.63
1041,803,231,2025-04-09,Selected,0.9
1042,596,317,2025-05-27,Selected,0.43
1043,730,212,2025-05-03,Selected,0.68
1044,353,230,2025-03-30,Rejected,0.31
1045,963,154,2025-06-28,Selected,0.6
1046,221,285,2025-07-16,Under Review,0.81
1047,388,624,2025-05-23,Applied,0.88
1048,851,797,2025-07-07,Rejected,0.19
1049,597,747,2025-06-13,Applied,0.42
1050,34,123,2025-07-10,Applied,0.68
1051,673,666,2025-04-27,Applied,0.13
1052,744,202,2025-09-08,Under Review,0.72
1053,154,366,2025-03-26,Applied,0.58
1054,391,511,2025-03-19,Rejected,0.36
1055,781,471,2025-07-07,Waitlisted,0.83
1056,665,584,2025-06-29,Waitlisted,0.36
1057,81,654,2025-07-30,Applied,0.99
1058,979,13,2025-08-24,Rejected,0.83
1059,80,765,2025-08-25,Waitlisted,0.74
1060,982,537,2025-08-24,Rejected,0.16
1061,958,234,2025-05-06,Selected,0.91
1062,230,760,2025-06-13,Rejected,0.81
1063,579,208,2025-08-25,Applied,0.31
1064,516,373,2025-04-04,Rejected,0.45
1065,589,681,2025-05-22,Applied,0.34
1066,646,34,2025-08-20,Under Review,0.99
1067,562,409,2025-03-21,Waitlisted,0.87
1068,752,642,2025-05-18,Under Review,0.94
1069,429,102,2025-09-06,Applied,0.81
1070,552,338,2025-03-21,Waitlisted,0.51
1071,751,520,2025-08-18,Waitlisted,0.28
1072,125,69,2025-06-20,Applied,0.29
1073,868,278,2025-04-12,Rejected,0.24
1074,900,567,2025-06-09,Under Review,0.59
1075,541,548,2025-03-15,Under Review,0.93
1076,818,760,2025-03-19,Applied,0.99
1077,53,551,2025-04-07,Applied,0.36
1078,622,82,2025-03-20,Applied,0.73
1079,484,58,2025-08-24,Applied,0.64
1080,676,458,2025-04-17,Rejected,0.54
1081,538,581,2025-07-04,Selected,0.7
1082,533,536,2025-06-20,Rejected,0.43
1083,452,254,2025-05-17,Rejected,0.95
1084,325,251,2025-06-10,Applied,0.73
1085,276,263,2025-05-10,Rejected,0.78
1086,200,758,2025-06-07,Rejected,0.32
1087,857,188,2025-05-05,Under Review,0.25
1088,590,707,2025-06-25,Applied,0.45
1089,301,667,2025-05-07,Rejected,0.79
1090,933,251,2025-06-21,Rejected,0.94
1091,250,234,2025-04-23,Rejected,0.48
1092,337,707,2025-07-23,Applied,0.8
1093,249,735,2025-07-13,Applied,0.52
1094,819,468,2025-04-12,Selected,0.37
1095,787,182,2025-07-28,Selected,0.77
1096,371,42,2025-08-30,Applied,0.82
1097,237,624,2025-03-17,Under Review,0.28
1098,467,273,2025-06-11,Selected,0.37
1099,323,566,2025-05-28,Rejected,0.55
1100,767,285,2025-05-13,Under Review,0.27
1101,996,94,2025-05-14,Under Review,0.94
1102,119,761,2025-06-18,Rejected,0.63
1103,710,195,2025-05-29,Waitlisted,0.21
1104,247,751,2025-05-14,Applied,0.27
1105,456,66,2025-05-14,Applied,0.96
1106,751,136,2025-05-17,Rejected,0.76
1107,981,536,2025-08-01,Under Review,0.76
1108,902,311,2025-08-04,Rejected,0.17
1109,420,63,2025-06-03,Selected,0.91
1110,371,213,2025-05-25,Applied,0.5
1111,82,234,2025-09-03,Selected,0.69
1112,361,250,2025-08-05,Selected,0.96
1113,574,600,2025-06-20,Selected,0.19
1114,518,780,2025-06-04,Applied,0.53
1115,79,596,2025-04-01,Waitlisted,0.14
1116,937,489,2025-08-02,Under Review,0.55
1117,371,476,2025-05-30,Selected,0.33
1118,670,101,2025-06-08,Rejected,0.92
1119,496,550,2025-09-06,Under Review,0.46
1120,620,53,2025-05-21,Rejected,0.67
1121,236,327,2025-03-24,Waitlisted,0.87
1122,460,650,2025-07-27,Under Review,0.99
1123,806,75,2025-08-02,Under Review,0.55
1124,429,202,2025-04-11,Rejected,0.51
1125,236,490,2025-07-24,Applied,0.17
1126,584,120,2025-07-16,Applied,0.11
1127,848,453,2025-08-16,Rejected,0.65
1128,847,86,2025-09-05,Rejected,0.16
1129,129,488,2025-06-01,Waitlisted,0.44
1130,948,203,2025-05-12,Applied,0.1
1131,551,103,2025-08-02,Applied,0.65
1132,251,556,2025-07-02,Applied,0.48
1133,796,604,2025-06-15,Selected,0.21
1134,932,221,2025-07-21,Selected,0.37
1135,418,613,2025-09-04,Under Review,0.61
1136,691,499,2025-05-05,Applied,0.69
1137,599,308,2025-06-01,Selected,0.52
1138,682,583,2025-07-31,Selected,0.82
1139,142,10,2025-06-24,Applied,0.2
1140,621,596,2025-04-22,Rejected,0.18
1141,267,441,2025-06-30,Applied,0.14
1142,815,115,2025-07-13,Rejected,0.58
1143,294,738,2025-07-23,Rejected,0.74
1144,350,454,2025-05-08,Selected,0.22
1145,322,797,2025-04-07,Applied,0.68
1146,121,659,2025-05-05,Under Review,0.53
1147,84,200,2025-05-22,Rejected,0.99
1148,419,604,2025-05-21,Applied,0.75
1149,432,651,2025-07-31,Rejected,0.69
1150,518,630,2025-05-08,Waitlisted,0.61
1151,152,774,2025-03-23,Waitlisted,1.0
1152,590,468,2025-08-25,Under Review,0.98
1153,507,1,2025-06-11,Rejected,0.58
1154,648,258,2025-08-13,Waitlisted,0.51
1155,903,773,2025-08-23,Under Review,0.52
1156,792,417,2025-06-19,Applied,0.49
1157,203,616,2025-03-13,Applied,0.58
1158,922,278,2025-05-10,Applied,0.35
1159,185,505,2025-04-07,Rejected,0.93
1160,898,647,2025-06-27,Selected,0.54
1161,465,181,2025-08-04,Rejected,0.86
1162,16,337,2025-07-11,Rejected,0.53
1163,171,520,2025-04-30,Selected,0.75
1164,124,495,2025-05-06,Selected,0.4
1165,429,527,2025-07-16,Applied,0.66
1166,270,291,2025-05-26,Rejected,0.55
1167,784,661,2025-05-07,Under Review,0.43
1168,568,307,2025-09-06,Selected,0.89
1169,729,271,2025-06-23,Applied,0.2
1170,953,545,2025-04-01,Rejected,0.54
1171,482,255,2025-07-31,Rejected,0.27
1172,761,350,2025-06-15,Under Review,0.87
1173,104,282,2025-04-01,Selected,0.33
1174,130,695,2025-06-22,Rejected,0.67
1175,891,575,2025-03-18,Applied,0.25
1176,35,516,2025-04-04,Applied,0.46
1177,854,317,2025-05-23,Selected,0.91
1178,442,641,2025-04-06,Applied,0.25
1179,25,451,2025-08-09,Under Review,0.7
1180,707,115,2025-04-09,Under Review,0.28
1181,171,775,2025-08-07,Under Review,0.47
1182,75,187,2025-04-27,Applied,0.59
1183,136,500,2025-06-29,Under Review,0.62
1184,528,7,2025-06-14,Under Review,0.64
1185,888,327,2025-06-06,Under Review,0.68
1186,543,522,2025-03-17,Selected,0.34
1187,941,482,2025-08-08,Waitlisted,0.46
1188,398,508,2025-06-07,Applied,0.13
1189,926,168,2025-04-18,Rejected,0.79
1190,433,184,2025-05-11,Applied,0.85
1191,363,68,2025-08-24,Selected,0.28
1192,131,779,2025-09-05,Under Review,0.28
1193,412,443,2025-05-18,Selected,0.14
1194,714,690,2025-06-07,Rejected,0.97
1195,571,312,2025-05-26,Under Review,0.83
1196,248,97,2025-07-08,Under Review,0.42
1197,730,454,2025-07-18,Rejected,0.53
1198,301,351,2025-06-18,Applied,0.36
1199,122,654,2025-03-17,Applied,0.64
1200,345,704,2025-07-12,Applied,0.75
1201,919,552,2025-06-21,Applied,0.5
1202,845,188,2025-03-31,Under Review,0.89
1203,920,199,2025-05-11,Under Review,0.57
1204,345,798,2025-06-30,Applied,0.23
1205,606,112,2025-04-20,Applied,0.66
1206,624,782,2025-06-14,Rejected,0.52
1207,632,238,2025-04-15,Rejected,0.94
1208,111,219,2025-06-17,Waitlisted,0.45
1209,740,315,2025-03-15,Rejected,0.46
1210,47,514,2025-07-22,Rejected,0.69
1211,76,313,2025-08-08,Rejected,0.57
1212,757,328,2025-06-19,Selected,0.44
1213,943,785,2025-04-01,Applied,0.99
1214,364,544,2025-04-16,Selected,0.37
1215,973,484,2025-07-13,Applied,0.35
1216,460,106,2025-04-11,Rejected,0.88
1217,933,702,2025-04-06,Under Review,0.1
1218,419,308,2025-07-11,Selected,0.28
1219,646,625,2025-07-08,Applied,0.63
1220,461,216,2025-05-07,Under Review,0.25
1221,759,585,2025-04-18,Under Review,0.99
1222,855,689,2025-05-12,Applied,0.52
1223,447,159,2025-09-05,Under Review,0.64
1224,297,332,2025-06-21,Applied,0.24
1225,776,161,2025-05-02,Under Review,0.36
1226,489,197,2025-08-16,Under Review,0.65
1227,717,785,2025-06-03,Rejected,0.59
1228,138,406,2025-08-03,Under Review,0.81
1229,752,176,2025-04-03,Under Review,0.34
1230,188,162,2025-06-19,Waitlisted,0.69
1231,742,625,2025-08-20,Selected,0.36
1232,785,679,2025-04-27,Under Review,0.63
1233,604,161,2025-05-07,Under Review,0.64
1234,939,334,2025-05-14,Rejected,0.21
1235,840,529,2025-04-08,Under Review,0.59
1236,960,486,2025-07-03,Under Review,0.11
1237,522,670,2025-08-23,Rejected,0.55
1238,86,610,2025-05-17,Applied,0.73
1239,156,427,2025-06-02,Rejected,0.17
1240,918,799,2025-07-22,Under Review,0.94
1241,8,744,2025-07-01,Selected,0.51
1242,608,276,2025-08-04,Rejected,0.94
1243,608,235,2025-06-08,Applied,0.2
1244,379,270,2025-08-25,Rejected,0.95
1245,691,484,2025-05-11,Waitlisted,0.2
1246,665,311,2025-07-08,Under Review,0.52
1247,465,380,2025-07-14,Rejected,0.94
1248,389,149,2025-03-31,Applied,0.31
1249,329,314,2025-09-09,Rejected,0.13
1250,450,342,2025-06-18,Under Review,0.81
1251,181,745,2025-06-10,Under Review,0.64
1252,521,363,2025-04-04,Applied,0.56
1253,740,764,2025-05-09,Under Review,0.13
1254,603,323,2025-04-19,Applied,0.69
1255,287,461,2025-08-03,Rejected,0.25
1256,968,316,2025-07-02,Rejected,0.94
1257,792,436,2025-06-20,Applied,0.72
1258,100,577,2025-05-08,Applied,0.74
1259,238,403,2025-06-21,Rejected,0.31
1260,305,781,2025-04-08,Under Review,0.89
1261,506,428,2025-04-25,Applied,0.58
1262,350,6,2025-07-20,Under Review,0.87
1263,50,781,2025-03-28,Under Review,0.34
1264,578,414,2025-07-23,Applied,0.78
1265,531,57,2025-04-10,Rejected,0.62
1266,919,419,2025-04-08,Selected,0.14
1267,538,363,2025-08-10,Applied,0.46
1268,594,662,2025-06-26,Rejected,0.27
1269,521,144,2025-08-25,Selected,0.42
1270,865,468,2025-07-22,Applied,0.45
1271,951,786,2025-04-28,Applied,0.53
1272,437,281,2025-05-03,Applied,0.64
1273,293,20,2025-06-29,Under Review,0.61
1274,331,722,2025-07-08,Applied,0.14
1275,394,208,2025-06-05,Under Review,0.78
1276,327,214,2025-05-24,Applied,0.95
1277,776,678,2025-03-14,Selected,0.41
1278,183,734,2025-09-07,Rejected,0.26
1279,977,263,2025-06-25,Under Review,0.59
1280,147,302,2025-07-05,Selected,0.73
1281,43,383,2025-07-19,Rejected,0.71
1282,834,25,2025-08-04,Selected,0.65
1283,968,330,2025-06-26,Under Review,0.23
1284,753,438,2025-09-03,Under Review,0.85
1285,904,392,2025-09-02,Rejected,0.48
1286,749,334,2025-03-27,Applied,0.3
1287,216,572,2025-03-29,Under Review,0.18
1288,441,574,2025-05-25,Selected,0.48
1289,532,757,2025-08-20,Selected,0.66
1290,285,205,2025-06-07,Rejected,0.7
1291,589,221,2025-05-13,Under Review,0.97
1292,901,633,2025-08-03,Applied,0.24
1293,631,516,2025-05-18,Waitlisted,0.99
1294,322,451,2025-04-02,Applied,0.69
1295,102,281,2025-06-04,Applied,0.51
1296,356,110,2025-04-20,Under Review,0.9
1297,292,77,2025-07-31,Rejected,0.73
1298,170,249,2025-04-10,Rejected,0.41
1299,122,165,2025-05-19,Rejected,0.9
1300,295,334,2025-06-21,Applied,0.7
1301,281,741,2025-08-13,Under Review,0.73
1302,499,492,2025-07-01,Applied,0.91
1303,450,739,2025-05-16,Rejected,0.5
1304,230,608,2025-07-01,Under Review,0.69
1305,907,482,2025-07-21,Applied,0.77
1306,174,48,2025-03-13,Rejected,0.51
1307,296,800,2025-04-07,Under Review,0.18
1308,962,676,2025-05-16,Under Review,0.79
1309,940,400,2025-06-29,Rejected,0.14
1310,266,705,2025-07-30,Applied,0.75
1311,621,724,2025-04-12,Applied,0.92
1312,772,499,2025-08-08,Applied,0.41
1313,109,256,2025-06-19,Under Review,0.19
1314,947,287,2025-09-05,Applied,0.31
1315,238,622,2025-08-09,Selected,0.61
1316,683,601,2025-08-27,Applied,0.95
1317,286,385,2025-06-18,Rejected,0.56
1318,145,61,2025-04-21,Applied,0.2
1319,99,104,2025-05-10,Applied,0.67
1320,212,58,2025-06-07,Applied,0.76
1321,566,655,2025-08-04,Rejected,0.45
1322,859,351,2025-06-21,Under Review,0.75
1323,521,283,2025-06-05,Rejected,0.39
1324,773,551,2025-04-22,Rejected,0.81
1325,173,379,2025-09-03,Rejected,0.41
1326,29,449,2025-04-02,Rejected,0.33
1327,613,292,2025-05-21,Applied,0.89
1328,925,114,2025-03-28,Rejected,0.59
1329,41,484,2025-06-19,Rejected,0.36
1330,983,138,2025-05-31,Waitlisted,0.94
1331,913,768,2025-07-26,Applied,0.72
1332,553,76,2025-06-18,Selected,0.3
1333,551,333,2025-04-06,Applied,0.65
1334,819,794,2025-09-01,Applied,0.88
1335,200,751,2025-03-29,Rejected,0.73
1336,7,424,2025-06-29,Waitlisted,0.32
1337,501,156,2025-06-19,Selected,0.68
1338,853,155,2025-04-18,Rejected,0.66
1339,843,604,2025-04-17,Applied,0.84
1340,27,307,2025-08-30,Applied,0.26
1341,379,588,2025-05-02,Selected,0.73
1342,209,205,2025-08-26,Under Review,0.12
1343,289,576,2025-08-07,Rejected,0.73
1344,965,91,2025-05-05,Under Review,0.96
1345,971,449,2025-08-24,Under Review,0.26
1346,585,252,2025-08-23,Under Review,0.38
1347,437,336,2025-08-05,Applied,0.62
1348,750,587,2025-08-02,Rejected,0.76
1349,456,560,2025-08-14,Under Review,0.41
1350,534,782,2025-04-29,Under Review,0.7
1351,130,677,2025-07-30,Rejected,0.91
1352,851,267,2025-07-11,Under Review,0.75
1353,465,571,2025-08-17,Rejected,0.74
1354,303,544,2025-06-09,Applied,0.44
1355,941,299,2025-06-10,Applied,0.92
1356,113,707,2025-06-15,Waitlisted,0.35
1357,734,23,2025-08-20,Rejected,0.28
1358,724,144,2025-05-27,Under Review,0.43
1359,942,791,2025-06-14,Selected,0.69
1360,866,789,2025-08-23,Rejected,0.88
1361,123,70,2025-05-06,Applied,0.22
1362,456,717,2025-05-30,Applied,0.83
1363,911,729,2025-04-23,Under Review,0.83
1364,443,757,2025-08-25,Applied,0.63
1365,506,322,2025-04-28,Applied,0.78
1366,270,370,2025-05-26,Rejected,0.26
1367,89,792,2025-03-29,Applied,0.25
1368,886,457,2025-05-31,Rejected,0.88
1369,141,766,2025-03-16,Under Review,0.55
1370,286,220,2025-08-01,Selected,0.32
1371,750,189,2025-04-22,Selected,0.72
1372,685,329,2025-08-18,Under Review,0.9
1373,120,480,2025-07-18,Applied,0.67
1374,992,234,2025-05-18,Applied,0.41
1375,363,472,2025-07-31,Rejected,0.53
1376,823,371,2025-08-11,Applied,0.78
1377,81,342,2025-07-05,Applied,0.16
1378,763,204,2025-07-13,Waitlisted,0.3
1379,813,694,2025-07-10,Waitlisted,0.52
1380,228,721,2025-08-26,Under Review,0.64
1381,745,266,2025-03-28,Applied,0.41
1382,77,262,2025-03-19,Rejected,0.37
1383,335,619,2025-04-20,Rejected,0.14
1384,161,766,2025-09-03,Applied,0.13
1385,520,24,2025-08-27,Applied,0.35
1386,344,144,2025-03-29,Rejected,0.58
1387,283,123,2025-03-15,Rejected,0.6
1388,465,658,2025-07-14,Rejected,0.54
1389,646,421,2025-05-10,Applied,0.47
1390,754,438,2025-08-30,Under Review,0.33
1391,526,406,2025-08-30,Selected,0.46
1392,689,499,2025-07-15,Applied,0.22
1393,796,50,2025-07-12,Applied,0.2
1394,76,542,2025-08-01,Applied,0.37
1395,724,62,2025-08-05,Under Review,1.0
1396,705,525,2025-05-04,Under Review,0.39
1397,323,383,2025-06-20,Rejected,0.94
1398,914,17,2025-06-19,Rejected,0.45
1399,947,580,2025-06-02,Rejected,0.5
1400,40,448,2025-03-31,Rejected,0.82
1401,444,33,2025-03-22,Applied,0.18
1402,103,517,2025-05-31,Under Review,0.26
1403,955,335,2025-09-05,Under Review,0.98
1404,723,552,2025-05-02,Applied,0.56
1405,814,504,2025-06-27,Rejected,0.14
1406,534,290,2025-05-06,Applied,0.14
1407,326,589,2025-09-03,Under Review,0.92
1408,195,342,2025-03-22,Selected,0.89
1409,862,650,2025-03-15,Under Review,0.51
1410,572,69,2025-05-26,Selected,0.25
1411,677,753,2025-04-22,Under Review,0.85
1412,858,78,2025-08-23,Applied,0.39
1413,899,579,2025-08-30,Applied,0.48
1414,642,95,2025-07-20,Rejected,0.71
1415,37,572,2025-04-12,Applied,0.42
1416,972,800,2025-08-31,Applied,0.67
1417,650,116,2025-07-18,Under Review,0.9
1418,643,545,2025-07-13,Applied,0.82
1419,9,163,2025-04-13,Under Review,0.44
1420,252,526,2025-05-07,Selected,0.36
1421,141,90,2025-09-08,Rejected,0.36
1422,601,588,2025-06-12,Rejected,0.41
1423,386,480,2025-03-14,Applied,0.54
1424,894,625,2025-08-20,Under Review,0.47
1425,966,666,2025-04-14,Applied,0.22
1426,226,196,2025-06-07,Applied,0.25
1427,690,770,2025-05-02,Under Review,0.41
1428,201,75,2025-07-29,Applied,0.61
1429,272,786,2025-05-31,Selected,0.63
1430,482,701,2025-07-17,Rejected,0.54
1431,156,442,2025-08-02,Rejected,0.76
1432,497,284,2025-04-25,Rejected,0.76
1433,834,477,2025-09-08,Applied,0.48
1434,192,463,2025-04-02,Under Review,0.21
1435,752,757,2025-04-03,Applied,0.58
1436,509,156,2025-06-29,Under Review,0.44
1437,290,667,2025-07-03,Applied,0.22
1438,135,339,2025-04-20,Applied,0.98
1439,204,75,2025-06-06,Under Review,0.43
1440,651,187,2025-05-02,Rejected,0.66
1441,897,664,2025-06-02,Rejected,0.54
1442,91,590,2025-07-31,Under Review,0.23
1443,974,348,2025-07-20,Under Review,0.15
1444,529,465,2025-04-07,Under Review,0.66
1445,878,541,2025-07-06,Selected,0.32
1446,741,800,2025-06-16,Applied,0.32
1447,768,710,2025-07-21,Rejected,0.96
1448,220,758,2025-06-18,Selected,0.52
1449,4,443,2025-07-05,Applied,0.13
1450,445,22,2025-06-01,Applied,0.41
1451,69,412,2025-08-10,Applied,0.63
1452,503,589,2025-03-27,Under Review,0.4
1453,572,301,2025-06-28,Rejected,0.12
1454,626,7,2025-05-17,Under Review,0.5
1455,214,639,2025-09-02,Under Review,0.2
1456,728,400,2025-05-18,Rejected,0.66
1457,183,20,2025-04-08,Applied,0.66
1458,40,9,2025-03-27,Applied,0.13
1459,429,231,2025-03-22,Under Review,0.36
1460,705,331,2025-05-01,Rejected,0.47
1461,270,438,2025-05-29,Selected,0.6
1462,629,155,2025-07-19,Under Review,0.37
1463,390,266,2025-07-24,Waitlisted,0.36
1464,647,229,2025-08-12,Rejected,0.98
1465,598,599,2025-08-30,Applied,0.14
1466,241,691,2025-06-02,Rejected,0.99
1467,654,787,2025-08-13,Applied,0.14
1468,358,335,2025-07-19,Selected,0.36
1469,496,546,2025-07-20,Applied,0.54
1470,544,469,2025-04-17,Selected,0.23
1471,673,670,2025-06-25,Under Review,0.22
1472,978,682,2025-03-17,Rejected,0.33
1473,185,206,2025-03-21,Under Review,0.98
1474,899,789,2025-07-17,Selected,0.44
1475,308,589,2025-04-11,Applied,0.61
1476,861,364,2025-06-24,Rejected,0.73
1477,238,733,2025-06-09,Rejected,0.77
1478,897,591,2025-05-14,Applied,0.72
1479,300,157,2025-08-27,Rejected,0.4
1480,685,194,2025-03-28,Under Review,0.2
1481,497,792,2025-04-02,Selected,0.35
1482,502,152,2025-07-13,Rejected,0.29
1483,816,212,2025-04-17,Applied,0.22
1484,646,316,2025-07-07,Waitlisted,0.12
1485,402,186,2025-07-16,Under Review,0.94
1486,613,104,2025-05-02,Applied,0.93
1487,366,27,2025-09-03,Rejected,0.15
1488,557,547,2025-06-22,Rejected,0.26
1489,493,617,2025-09-06,Applied,0.23
1490,303,41,2025-07-16,Applied,0.35
1491,99,799,2025-07-25,Rejected,0.28
1492,225,131,2025-06-16,Applied,0.95
1493,116,554,2025-07-19,Rejected,0.18
1494,987,357,2025-05-05,Rejected,0.29
1495,903,71,2025-06-02,Under Review,0.17
1496,919,336,2025-06-18,Under Review,0.98
1497,774,323,2025-05-15,Under Review,0.93
1498,783,236,2025-06-01,Under Review,0.74
1499,295,674,2025-04-08,Rejected,0.48
1500,430,214,2025-07-29,Waitlisted,0.27
1501,993,207,2025-05-07,Selected,0.3
1502,458,311,2025-05-10,Under Review,0.5
1503,334,168,2025-04-19,Applied,0.79
1504,254,435,2025-04-10,Selected,0.34
1505,679,278,2025-06-28,Selected,0.38
1506,436,239,2025-03-23,Selected,0.64
1507,119,223,2025-07-08,Applied,0.31
1508,181,791,2025-08-21,Rejected,0.63
1509,476,364,2025-04-05,Under Review,0.45
1510,980,28,2025-08-13,Rejected,0.13
1511,327,141,2025-09-09,Rejected,0.46
1512,677,451,2025-09-02,Selected,0.93
1513,117,127,2025-04-04,Under Review,0.36
1514,356,385,2025-08-28,Selected,0.39
1515,714,27,2025-09-07,Applied,0.16
1516,408,455,2025-07-01,Rejected,0.65
1517,722,762,2025-09-09,Applied,0.86
1518,132,758,2025-06-24,Under Review,0.42
1519,793,214,2025-05-19,Applied,0.32
1520,904,390,2025-06-04,Rejected,0.96
1521,496,51,2025-04-17,Selected,0.77
1522,861,458,2025-07-31,Selected,0.61
1523,825,450,2025-08-16,Selected,0.37
1524,885,409,2025-08-27,Rejected,0.3
1525,501,204,2025-06-07,Applied,0.74
1526,616,211,2025-07-16,Selected,0.57
1527,422,790,2025-03-28,Selected,0.57
1528,704,390,2025-07-23,Applied,0.17
1529,241,605,2025-05-24,Applied,0.56
1530,30,128,2025-06-06,Applied,0.84
1531,298,96,2025-08-21,Applied,0.95
1532,275,180,2025-06-30,Under Review,0.2
1533,520,519,2025-05-26,Applied,0.67
1534,221,593,2025-03-26,Selected,0.61
1535,912,742,2025-09-04,Applied,0.9
1536,872,529,2025-06-25,Applied,0.78
1537,802,125,2025-09-01,Rejected,0.97
1538,419,167,2025-08-10,Under Review,0.96
1539,63,775,2025-06-24,Applied,0.3
1540,576,215,2025-08-04,Selected,0.75
1541,791,124,2025-07-04,Applied,0.58
1542,331,501,2025-05-16,Applied,0.29
1543,268,759,2025-07-19,Applied,0.28
1544,692,620,2025-08-10,Waitlisted,0.17
1545,326,367,2025-03-31,Rejected,0.82
1546,422,768,2025-03-19,Rejected,0.39
1547,401,325,2025-09-02,Waitlisted,0.87
1548,829,426,2025-05-11,Rejected,0.65
1549,453,196,2025-07-27,Rejected,0.71
1550,436,216,2025-09-06,Selected,0.36
1551,409,93,2025-08-12,Under Review,0.51
1552,267,520,2025-08-18,Applied,0.47
1553,935,369,2025-07-11,Selected,0.31
1554,56,490,2025-05-16,Selected,0.85
1555,275,262,2025-04-14,Waitlisted,0.66
1556,498,521,2025-03-16,Under Review,0.13
1557,746,115,2025-04-20,Selected,0.84
1558,225,468,2025-07-02,Selected,0.2
1559,348,17,2025-07-02,Applied,0.46
1560,652,8,2025-09-04,Selected,0.61
1561,839,390,2025-03-14,Under Review,0.11
1562,47,431,2025-04-18,Under Review,0.69
1563,316,410,2025-05-10,Under Review,0.69
1564,459,103,2025-08-24,Applied,0.69
1565,420,364,2025-03-16,Under Review,0.25
1566,227,370,2025-08-01,Selected,0.33
1567,587,318,2025-07-16,Under Review,0.32
1568,897,67,2025-08-24,Under Review,0.96
1569,171,445,2025-05-31,Applied,0.16
1570,549,668,2025-03-20,Applied,0.49
1571,212,308,2025-06-05,Under Review,0.88
1572,799,235,2025-09-02,Under Review,0.79
1573,641,719,2025-08-31,Selected,0.84
1574,113,87,2025-05-05,Rejected,0.98
1575,971,667,2025-05-22,Applied,0.45
1576,992,660,2025-05-13,Applied,0.38
1577,629,400,2025-05-27,Under Review,0.13
1578,626,483,2025-07-27,Under Review,0.24
1579,338,17,2025-09-06,Selected,0.61
1580,133,282,2025-04-15,Rejected,0.24
1581,620,748,2025-08-29,Rejected,0.76
1582,553,663,2025-03-25,Applied,0.13
1583,21,332,2025-08-24,Rejected,0.33
1584,974,47,2025-06-30,Applied,0.73
1585,740,145,2025-06-29,Selected,0.33
1586,22,255,2025-05-10,Selected,0.76
1587,822,182,2025-07-20,Selected,1.0
1588,389,579,2025-07-03,Applied,0.82
1589,93,10,2025-09-03,Under Review,0.41
1590,800,132,2025-03-22,Under Review,0.91
1591,722,532,2025-07-02,Applied,0.15
1592,342,160,2025-07-23,Applied,0.75
1593,935,144,2025-07-11,Selected,0.12
1594,362,712,2025-03-17,Under Review,0.26
1595,786,482,2025-05-18,Selected,0.99
1596,785,781,2025-09-09,Applied,0.42
1597,567,40,2025-03-27,Rejected,0.84
1598,65,63,2025-08-29,Applied,0.44
1599,671,611,2025-04-18,Rejected,0.86
1600,51,215,2025-05-21,Under Review,0.97
1601,532,758,2025-04-19,Under Review,0.49
1602,216,677,2025-03-14,Rejected,0.6
1603,371,301,2025-05-07,Applied,0.67
1604,549,381,2025-07-12,Applied,0.94
1605,204,633,2025-08-28,Under Review,0.33
1606,161,425,2025-06-28,Applied,0.65
1607,859,162,2025-06-08,Under Review,0.39
1608,549,430,2025-08-18,Applied,0.3
1609,406,177,2025-04-09,Rejected,0.18
1610,881,179,2025-06-07,Selected,0.66
1611,736,532,2025-05-16,Applied,0.89
1612,235,156,2025-05-12,Rejected,0.42
1613,298,760,2025-04-23,Under Review,0.6
1614,821,685,2025-07-30,Under Review,0.68
1615,166,186,2025-06-06,Under Review,0.47
1616,933,374,2025-03-25,Selected,0.91
1617,383,113,2025-06-06,Under Review,0.43
1618,340,167,2025-04-21,Selected,0.21
1619,424,31,2025-04-24,Applied,0.23
1620,221,510,2025-08-03,Waitlisted,0.9
1621,567,209,2025-06-19,Rejected,0.99
1622,751,314,2025-03-30,Applied,0.36
1623,255,414,2025-06-13,Rejected,0.23
1624,963,641,2025-05-28,Selected,0.53
1625,14,383,2025-07-27,Applied,0.74
1626,37,272,2025-04-14,Applied,0.65
1627,866,637,2025-05-30,Applied,0.96
1628,21,329,2025-06-06,Rejected,0.84
1629,774,30,2025-05-13,Selected,0.88
1630,963,27,2025-06-13,Under Review,0.59
1631,540,340,2025-06-27,Applied,0.39
1632,105,30,2025-08-03,Under Review,0.73
1633,514,482,2025-03-21,Under Review,0.5
1634,408,36,2025-05-06,Rejected,0.36
1635,811,753,2025-03-21,Waitlisted,0.24
1636,497,148,2025-04-24,Under Review,0.58
1637,44,418,2025-05-28,Under Review,0.63
1638,161,48,2025-06-09,Under Review,0.61
1639,290,553,2025-05-22,Rejected,0.2
1640,309,387,2025-08-18,Applied,0.61
1641,25,781,2025-04-08,Under Review,0.25
1642,236,613,2025-07-07,Rejected,0.7
1643,647,740,2025-08-05,Applied,0.49
1644,791,538,2025-06-16,Applied,0.86
1645,705,174,2025-06-10,Selected,0.8
1646,254,162,2025-03-28,Applied,0.75
1647,35,103,2025-05-13,Under Review,0.73
1648,279,16,2025-05-17,Under Review,0.6
1649,768,358,2025-04-24,Under Review,0.16
1650,127,229,2025-03-19,Applied,0.69
1651,833,95,2025-07-29,Rejected,0.52
1652,803,430,2025-08-30,Applied,0.52
1653,387,68,2025-06-14,Rejected,0.44
1654,672,116,2025-05-03,Applied,0.94
1655,411,488,2025-04-02,Under Review,0.32
1656,135,476,2025-08-03,Applied,0.38
1657,838,426,2025-04-09,Applied,0.97
1658,759,550,2025-06-14,Applied,0.83
1659,898,451,2025-04-24,Under Review,0.11
1660,277,138,2025-04-01,Under Review,0.92
1661,883,618,2025-07-31,Applied,0.3
1662,87,653,2025-04-16,Waitlisted,0.74
1663,79,1,2025-08-05,Applied,0.6
1664,76,319,2025-07-19,Under Review,0.58
1665,517,488,2025-03-16,Applied,0.75
1666,740,481,2025-05-31,Under Review,0.29
1667,721,264,2025-08-20,Rejected,0.24
1668,781,132,2025-05-25,Under Review,0.69
1669,751,331,2025-08-12,Applied,0.36
1670,426,673,2025-05-04,Applied,0.98
1671,21,553,2025-04-23,Rejected,0.51
1672,16,375,2025-08-30,Applied,0.2
1673,761,629,2025-04-29,Under Review,0.72
1674,851,685,2025-08-14,Applied,0.38
1675,555,734,2025-04-15,Applied,0.23
1676,620,99,2025-09-08,Applied,0.48
1677,942,490,2025-07-06,Rejected,0.97
1678,156,505,2025-04-22,Rejected,0.47
1679,98,767,2025-03-23,Selected,0.41
1680,754,585,2025-07-29,Applied,0.5
1681,603,201,2025-07-13,Under Review,0.11
1682,812,129,2025-03-18,Under Review,0.22
1683,401,225,2025-06-16,Selected,0.86
1684,199,528,2025-05-07,Applied,0.98
1685,852,133,2025-08-11,Waitlisted,0.24
1686,621,147,2025-06-18,Under Review,0.58
1687,880,231,2025-06-06,Rejected,0.97
1688,320,676,2025-04-22,Applied,0.24
1689,804,85,2025-05-31,Applied,0.27
1690,332,762,2025-04-29,Applied,0.93
1691,436,98,2025-03-25,Rejected,0.74
1692,525,735,2025-06-01,Under Review,0.24
1693,762,414,2025-07-15,Rejected,0.45
1694,24,290,2025-04-15,Rejected,0.15
1695,310,630,2025-06-12,Selected,0.49
1696,281,108,2025-05-28,Selected,0.8
1697,470,256,2025-03-17,Rejected,0.6
1698,208,232,2025-08-13,Selected,0.68
1699,103,257,2025-07-14,Under Review,0.39
1700,271,190,2025-03-30,Selected,0.25
1701,993,748,2025-03-29,Rejected,0.11
1702,672,676,2025-05-16,Under Review,0.84
1703,591,309,2025-08-01,Rejected,0.67
1704,483,337,2025-03-16,Applied,0.31
1705,386,728,2025-07-23,Under Review,0.48
1706,299,474,2025-09-09,Applied,0.82
1707,440,685,2025-05-03,Applied,0.58
1708,96,605,2025-08-13,Rejected,0.37
1709,228,533,2025-05-06,Rejected,0.34
1710,991,530,2025-08-04,Rejected,0.3
1711,417,592,2025-08-22,Waitlisted,0.84
1712,575,274,2025-03-16,Applied,0.62
1713,286,779,2025-06-23,Applied,0.74
1714,495,135,2025-07-10,Under Review,0.87
1715,292,336,2025-05-29,Rejected,0.99
1716,930,433,2025-06-24,Applied,0.32
1717,720,384,2025-07-18,Waitlisted,0.26
1718,547,678,2025-04-24,Selected,0.52
1719,519,149,2025-03-30,Waitlisted,0.13
1720,251,594,2025-08-16,Under Review,0.81
1721,392,755,2025-07-23,Under Review,0.9
1722,18,36,2025-09-03,Rejected,0.72
1723,509,766,2025-09-05,Rejected,0.34
1724,746,395,2025-09-02,Applied,0.21
1725,404,648,2025-06-26,Rejected,0.44
1726,975,50,2025-08-10,Rejected,0.85
1727,382,203,2025-07-18,Applied,0.41
1728,782,187,2025-07-24,Applied,0.13
1729,560,15,2025-03-19,Under Review,0.35
1730,732,147,2025-08-22,Under Review,0.99
1731,111,650,2025-08-23,Rejected,0.71
1732,464,35,2025-07-07,Applied,0.91
1733,230,244,2025-05-17,Selected,0.8
1734,592,166,2025-08-10,Selected,0.59
1735,999,407,2025-05-24,Applied,0.23
1736,26,331,2025-06-10,Under Review,0.41
1737,407,12,2025-03-24,Applied,0.63
1738,790,586,2025-05-29,Applied,0.88
1739,238,493,2025-09-07,Selected,0.34
1740,458,496,2025-03-15,Waitlisted,0.21
1741,379,353,2025-04-10,Applied,0.6
1742,489,193,2025-06-25,Under Review,0.26
1743,577,644,2025-06-14,Applied,0.65
1744,112,592,2025-06-02,Applied,0.34
1745,659,416,2025-06-06,Under Review,0.31
1746,319,463,2025-07-18,Rejected,0.46
1747,341,220,2025-06-24,Applied,0.63
1748,148,465,2025-05-23,Waitlisted,0.59
1749,830,637,2025-04-04,Applied,0.32
1750,646,270,2025-04-12,Rejected,0.9
1751,1000,559,2025-05-10,Rejected,0.2
1752,86,451,2025-03-31,Under Review,0.14
1753,98,121,2025-04-05,Applied,0.64
1754,575,763,2025-04-11,Selected,0.21
1755,174,287,2025-08-30,Selected,0.55
1756,213,672,2025-03-20,Rejected,0.96
1757,886,787,2025-05-07,Selected,0.73
1758,965,527,2025-09-01,Under Review,0.66
1759,502,346,2025-05-05,Rejected,0.62
1760,608,346,2025-06-20,Waitlisted,0.26
1761,256,191,2025-06-12,Selected,0.49
1762,86,262,2025-09-02,Rejected,0.41
1763,145,350,2025-07-06,Selected,0.96
1764,413,500,2025-03-14,Selected,0.32
1765,632,791,2025-05-11,Selected,0.52
1766,859,563,2025-06-03,Rejected,0.94
1767,485,468,2025-04-25,Under Review,0.81
1768,536,680,2025-08-15,Selected,0.97
1769,741,99,2025-05-24,Selected,0.65
1770,860,685,2025-03-17,Under Review,0.4
1771,581,351,2025-04-12,Under Review,0.84
1772,779,782,2025-04-04,Rejected,0.36
1773,239,532,2025-06-12,Selected,0.25
1774,61,270,2025-03-18,Applied,0.74
1775,786,65,2025-05-07,Rejected,0.68
1776,506,375,2025-09-03,Rejected,0.89
1777,259,437,2025-06-04,Under Review,0.97
1778,422,658,2025-08-31,Applied,0.87
1779,319,27,2025-05-08,Rejected,0.15
1780,759,557,2025-08-18,Rejected,0.7
1781,346,130,2025-05-11,Applied,0.81
1782,855,97,2025-07-07,Applied,0.98
1783,155,233,2025-04-23,Under Review,0.44
1784,38,469,2025-08-17,Selected,0.25
1785,330,114,2025-08-19,Applied,0.87
1786,706,124,2025-07-09,Under Review,0.39
1787,579,564,2025-04-01,Under Review,0.64
1788,614,730,2025-08-16,Rejected,0.45
1789,417,303,2025-05-16,Under Review,0.46
1790,893,130,2025-06-04,Under Review,0.76
1791,6,356,2025-06-15,Waitlisted,0.43
1792,275,315,2025-07-10,Applied,0.72
1793,707,464,2025-04-08,Applied,0.11
1794,215,447,2025-05-12,Rejected,0.39
1795,774,567,2025-09-01,Applied,0.39
1796,576,85,2025-06-19,Rejected,0.77
1797,814,517,2025-06-22,Applied,0.38
1798,501,187,2025-04-21,Applied,0.67
1799,559,408,2025-03-13,Rejected,0.72
1800,512,524,2025-05-17,Under Review,0.69
1801,321,200,2025-07-16,Rejected,0.64
1802,983,146,2025-04-05,Applied,0.47
1803,668,697,2025-05-27,Applied,0.44
1804,242,228,2025-08-16,Rejected,0.61
1805,330,795,2025-09-07,Under Review,0.16
1806,473,18,2025-03-18,Under Review,0.89
1807,726,204,2025-08-08,Applied,0.84
1808,495,752,2025-04-11,Under Review,0.41
1809,527,763,2025-03-21,Rejected,0.61
1810,569,363,2025-09-02,Rejected,0.94
1811,880,539,2025-05-03,Selected,0.34
1812,758,616,2025-05-19,Selected,0.77
1813,751,799,2025-08-23,Under Review,0.17
1814,84,156,2025-05-04,Under Review,0.57
1815,944,577,2025-07-25,Rejected,0.9
1816,108,544,2025-05-14,Applied,0.6
1817,436,538,2025-07-01,Applied,0.65
1818,717,49,2025-03-15,Rejected,0.92
1819,80,546,2025-04-18,Applied,0.74
1820,385,372,2025-06-02,Applied,0.73
1821,131,553,2025-04-25,Selected,0.63
1822,776,236,2025-03-26,Rejected,0.67
1823,14,711,2025-08-28,Under Review,0.82
1824,166,544,2025-07-07,Under Review,0.98
1825,533,171,2025-04-13,Waitlisted,0.82
1826,767,384,2025-08-10,Rejected,0.74
1827,125,163,2025-03-15,Rejected,0.22
1828,171,103,2025-04-30,Applied,0.84
1829,203,697,2025-05-07,Applied,0.76
1830,449,170,2025-07-27,Under Review,0.79
1831,891,651,2025-05-17,Applied,0.31
1832,996,650,2025-06-26,Applied,0.91
1833,117,634,2025-07-30,Applied,0.19
1834,40,232,2025-08-30,Under Review,0.33
1835,907,770,2025-06-27,Selected,0.7
1836,435,734,2025-04-09,Rejected,0.71
1837,508,156,2025-06-17,Applied,0.38
1838,175,554,2025-05-23,Under Review,0.73
1839,642,625,2025-08-12,Applied,0.45
1840,823,435,2025-03-18,Under Review,0.1
1841,538,208,2025-08-01,Under Review,0.25
1842,499,286,2025-08-21,Under Review,0.89
1843,144,51,2025-07-21,Rejected,0.3
1844,767,411,2025-05-09,Rejected,0.2
1845,896,304,2025-05-08,Selected,0.71
1846,561,400,2025-07-08,Rejected,0.5
1847,429,535,2025-09-08,Selected,0.82
1848,409,432,2025-06-02,Rejected,0.88
1849,10,488,2025-03-26,Selected,0.86
1850,304,480,2025-07-26,Under Review,0.38
1851,121,330,2025-06-05,Rejected,0.55
1852,446,140,2025-08-29,Applied,0.69
1853,302,739,2025-06-24,Selected,0.39
1854,738,308,2025-07-25,Rejected,0.14
1855,945,1,2025-07-14,Rejected,0.55
1856,902,77,2025-06-14,Applied,0.11
1857,693,258,2025-03-19,Under Review,0.96
1858,278,726,2025-04-13,Rejected,0.82
1859,536,570,2025-05-06,Waitlisted,0.27
1860,331,685,2025-07-13,Under Review,0.36
1861,630,320,2025-05-19,Rejected,0.98
1862,911,214,2025-03-14,Rejected,0.44
1863,381,752,2025-08-11,Applied,0.81
1864,578,628,2025-08-15,Rejected,0.5
1865,666,609,2025-07-29,Under Review,0.88
1866,170,69,2025-08-05,Selected,0.73
1867,145,61,2025-08-07,Under Review,0.12
1868,298,774,2025-04-08,Selected,0.36
1869,536,421,2025-04-18,Rejected,0.6
1870,702,144,2025-09-03,Under Review,0.93
1871,210,148,2025-05-20,Rejected,0.19
1872,823,493,2025-05-05,Rejected,0.64
1873,629,165,2025-06-08,Rejected,0.37
1874,975,783,2025-03-15,Under Review,0.9
1875,732,249,2025-05-22,Applied,0.79
1876,381,401,2025-09-04,Under Review,0.43
1877,532,164,2025-04-28,Rejected,0.25
1878,620,662,2025-03-16,Applied,0.11
1879,258,430,2025-06-07,Waitlisted,0.66
1880,484,401,2025-03-31,Rejected,0.47
1881,474,606,2025-04-23,Rejected,0.38
1882,216,199,2025-08-13,Selected,0.99
1883,959,255,2025-05-25,Selected,0.52
1884,339,359,2025-05-11,Rejected,0.77
1885,950,73,2025-09-01,Under Review,0.26
1886,765,232,2025-06-30,Rejected,0.11
1887,738,283,2025-05-21,Selected,0.48
1888,873,144,2025-04-20,Rejected,0.7
1889,951,412,2025-03-14,Rejected,0.56
1890,139,127,2025-05-24,Applied,0.9
1891,169,744,2025-08-23,Applied,0.49
1892,537,758,2025-08-24,Rejected,0.38
1893,733,600,2025-08-18,Applied,0.92
1894,850,689,2025-07-04,Selected,0.47
1895,486,156,2025-03-23,Under Review,0.34
1896,11,211,2025-06-10,Applied,0.19
1897,326,455,2025-05-11,Applied,0.81
1898,427,146,2025-05-30,Rejected,0.84
1899,184,689,2025-05-03,Selected,0.13
1900,154,283,2025-07-09,Under Review,0.42
1901,482,779,2025-08-05,Rejected,0.77
1902,69,336,2025-08-10,Applied,0.95
1903,6,12,2025-09-03,Applied,0.44
1904,320,653,2025-07-30,Rejected,0.88
1905,719,121,2025-08-18,Rejected,0.45
1906,193,534,2025-04-16,Under Review,0.26
1907,205,319,2025-07-24,Waitlisted,0.1
1908,711,537,2025-03-23,Rejected,0.4
1909,97,106,2025-07-21,Applied,0.44
1910,551,791,2025-05-18,Applied,0.95
1911,470,644,2025-03-25,Rejected,0.29
1912,339,613,2025-04-23,Under Review,0.44
1913,97,483,2025-06-06,Applied,0.12
1914,63,238,2025-04-20,Rejected,0.79
1915,640,677,2025-07-04,Under Review,0.92
1916,480,449,2025-05-10,Under Review,0.31
1917,609,306,2025-08-23,Applied,0.49
1918,161,128,2025-03-25,Selected,0.21
1919,69,555,2025-07-24,Selected,0.51
1920,359,761,2025-04-13,Applied,0.22
1921,652,625,2025-05-27,Under Review,0.57
1922,573,466,2025-08-11,Selected,0.76
1923,905,158,2025-04-19,Rejected,0.6
1924,232,73,2025-08-30,Rejected,0.32
1925,354,773,2025-07-12,Applied,0.42
1926,644,738,2025-07-20,Rejected,0.67
1927,15,350,2025-08-03,Rejected,0.63
1928,951,279,2025-06-25,Rejected,0.22
1929,198,42,2025-08-06,Selected,0.86
1930,282,391,2025-03-14,Applied,0.53
1931,292,262,2025-06-01,Rejected,0.25
1932,841,116,2025-09-07,Applied,0.21
1933,934,642,2025-06-06,Applied,0.97
1934,889,478,2025-08-25,Selected,0.35
1935,437,437,2025-05-02,Waitlisted,0.92
1936,599,600,2025-09-06,Applied,0.47
1937,747,173,2025-08-12,Selected,0.45
1938,314,727,2025-04-28,Under Review,0.73
1939,377,709,2025-03-23,Rejected,0.11
1940,640,499,2025-07-03,Selected,0.4
1941,786,777,2025-04-13,Applied,0.37
1942,413,299,2025-04-27,Applied,0.88
1943,957,231,2025-09-07,Under Review,0.58
1944,261,536,2025-06-24,Applied,0.43
1945,575,106,2025-08-05,Applied,0.34
1946,555,91,2025-06-20,Selected,0.63
1947,657,750,2025-07-09,Under Review,0.24
1948,676,618,2025-05-10,Rejected,0.32
1949,208,614,2025-07-17,Applied,0.36
1950,80,372,2025-07-23,Selected,0.65
1951,607,248,2025-03-24,Under Review,0.44
1952,157,681,2025-05-11,Applied,0.56
1953,106,507,2025-05-10,Under Review,0.69
1954,749,719,2025-05-10,Applied,0.96
1955,222,443,2025-07-17,Rejected,0.79
1956,287,432,2025-08-15,Selected,0.46
1957,183,59,2025-07-27,Selected,0.77
1958,270,654,2025-06-02,Applied,0.95
1959,578,108,2025-04-21,Applied,0.55
1960,105,789,2025-03-31,Under Review,0.47
1961,130,287,2025-04-02,Selected,0.17
1962,817,742,2025-04-24,Applied,0.9
1963,535,751,2025-08-22,Applied,0.32
1964,602,283,2025-08-03,Under Review,0.16
1965,661,258,2025-03-23,Under Review,0.58
1966,785,656,2025-08-08,Applied,0.86
1967,393,521,2025-05-02,Under Review,0.47
1968,339,337,2025-08-03,Under Review,0.8
1969,590,430,2025-08-23,Under Review,0.85
1970,791,683,2025-05-10,Under Review,0.51
1971,874,258,2025-05-01,Selected,0.63
1972,607,366,2025-08-22,Applied,0.58
1973,620,86,2025-04-18,Applied,0.95
1974,284,14,2025-07-29,Under Review,0.75
1975,990,104,2025-07-08,Under Review,0.93
1976,827,731,2025-04-02,Under Review,0.3
1977,755,498,2025-05-27,Rejected,0.38
1978,893,249,2025-04-02,Rejected,0.16
1979,631,600,2025-06-09,Applied,0.55
1980,685,507,2025-07-14,Rejected,0.89
1981,932,227,2025-07-04,Under Review,0.39
1982,485,606,2025-05-28,Applied,0.22
1983,215,445,2025-08-25,Waitlisted,0.16
1984,173,682,2025-05-22,Rejected,0.5
1985,3,273,2025-08-30,Waitlisted,0.25
1986,803,107,2025-06-19,Applied,0.41
1987,238,800,2025-05-31,Applied,0.84
1988,222,726,2025-09-02,Under Review,0.45
1989,94,500,2025-07-22,Selected,0.65
1990,952,575,2025-03-22,Applied,0.55
1991,823,622,2025-06-06,Rejected,0.75
1992,630,580,2025-06-01,Under Review,0.24
1993,151,385,2025-05-17,Under Review,0.93
1994,147,622,2025-04-07,Selected,0.68
1995,169,532,2025-07-14,Selected,0.34
1996,487,684,2025-08-08,Applied,0.21
1997,896,392,2025-05-10,Waitlisted,0.23
1998,1,44,2025-04-05,Under Review,0.8
1999,332,617,2025-05-02,Applied,0.63
2000,80,111,2025-05-28,Rejected,0.44
